id,Ime,Priimek
1,Irvine,Weaving
2,Booth,Millins
3,Natale,Iiannone
4,Jesse,Casseldine
5,Garret,Bradbury
6,Gannie,Andriolli
7,Gregg,Penna
8,Markos,Mc Queen
9,Simeon,Silvermann
10,Sterne,Mays
11,Lydon,Follacaro
12,Donalt,Puddin
13,Otto,Goney
14,Red,Wollaston
15,Giovanni,Oatley
16,Marvin,Proudman
17,Milty,De Mars
18,Hardy,Hembling
19,Isak,Noni
20,Lothario,Kesterton
21,Domingo,Borborough
22,Valentijn,Fellis
23,Thane,Ilieve
24,Bernardo,Milley
25,Alberto,Ca
26,Rafferty,Willson
27,Read,Trobey
28,Kendrick,Slate
29,Hastings,Carlin
30,Gage,Siman
31,Alberik,Biss
32,Fraze,Guyot
33,Derry,Yorke
34,Arne,Larmour
35,Abran,Hambidge
36,Artur,Lincey
37,Yorke,Form
38,Raymond,Mellhuish
39,Derwin,Danielsson
40,Wells,Deeming
41,Fair,Matic
42,Hersch,Ralling
43,Eal,Alberts
44,Royall,Priestnall
45,Gregorius,Durrant
46,Guido,Cavy
47,Zachary,Kayes
48,Artemas,Hamflett
49,Jozef,Medcalf
50,Rouvin,Nijssen
51,Aloin,Teek
52,Pavlov,Perfili
53,Brucie,Twentyman
54,Nicko,MacAree
55,Stevie,Reichelt
56,Guy,Zaniolini
57,Erastus,Boys
58,Paco,Warby
59,Serge,Benadette
60,Thibaut,Statton
61,Cyrillus,Escoffier
62,Wolfgang,Skpsey
63,Haskel,Breffit
64,Rorke,Jean
65,Lazaro,Oxe
66,Isidoro,Ganing
67,Shayne,Spellacy
68,Barnaby,Mellings
69,Ashby,Godwyn
70,Creighton,McCoole
71,Keir,Torrent
72,Andreas,Asker
73,Odey,Matyas
74,Ario,Spincks
75,Daven,Mayow
76,Mead,Shepcutt
77,Jon,Ruslen
78,Von,Heibl
79,Osborn,Bibbie
80,Mort,Eva
81,Bancroft,Spondley
82,Nathan,Withnall
83,Jeremy,Kemitt
84,Walt,Bairstow
85,Sigismond,Juszczyk
86,Hew,Rylstone
87,Abbot,Nutbean
88,Izak,Pessold
89,Gabriel,Fosher
90,Yorgo,Sloyan
91,Akim,Barizeret
92,Pen,Currm
93,Osborn,Spawton
94,Sebastien,Seabridge
95,Sanford,Silman
96,Zollie,Hallward
97,Sigfrid,Finan
98,Lorry,Morrall
99,Shep,Gleasane
100,Matias,Craxford
101,Mill,Kuhnert
102,Sloan,Cristoforetti
103,Christophe,Tampion
104,Broderic,Verny
105,Cordie,Habercham
106,Zachary,Jeffels
107,Uriel,Marchington
108,Ramsey,Alderwick
109,Yulma,Hehl
110,Zebadiah,Greedy
111,Muhammad,Grishukhin
112,Bryanty,McGilvray
113,Valle,Oleszkiewicz
114,Antonin,Osmond
115,Dorie,Ugoni
116,Link,Teliga
117,Bartel,Cleobury
118,Adolphe,Pusey
119,Carroll,Sclater
120,Garry,Haith
121,Manfred,Santoro
122,Ewart,Dahlen
123,Paolo,Daintrey
124,Horten,Yakovlev
125,Ramsey,Kinnoch
126,Fidelio,Bach
127,Cori,Fossord
128,Izzy,MacKniely
129,Clevey,Alner
130,Julio,Fish
131,Emlen,Ablott
132,Farlie,Dunne
133,Lindsey,Welton
134,Sherlock,Alves
135,David,Futter
136,Gerardo,Kenzie
137,Chad,Pinyon
138,Homere,Swate
139,Correy,Vasichev
140,Braden,Shord
141,Pedro,Barents
142,Baxie,Cranefield
143,Mordecai,Dannohl
144,Laurens,Boggis
145,Mortie,Blees
146,Cosimo,Taylorson
147,Aldo,Dallison
148,Bern,Malins
149,Ross,Shenfish
150,Myrvyn,Geraghty
151,Ives,Gorke
152,Zacharias,Reedy
153,Lars,Vokes
154,Alec,Fillis
155,Bealle,Gumey
156,Fabiano,Legrand
157,Poul,Gerson
158,Blayne,Fossey
159,Zared,Mapp
160,Shurwood,Hart
161,Leonardo,Mimmack
162,Barnie,Caen
163,Seumas,Tethacot
164,Finlay,Branscomb
165,Quill,Thursfield
166,Aron,Jerzykiewicz
167,Vergil,Bessom
168,Inness,Josskovitz
169,Rey,Janousek
170,Jedidiah,De Caroli
171,Xymenes,Croome
172,Sherwin,Cargill
173,Darb,Lafuente
174,Xever,Bilt
175,Deane,Melloy
176,Brantley,Benedikt
177,Sheff,Bollom
178,Randie,Seeviour
179,Sanderson,Hardwich
180,Herculie,Mussotti
181,Wolfgang,Birrel
182,Neddie,Boon
183,Rudiger,Atwater
184,Kasper,Treherne
185,Cordy,Monteath
186,Evelin,Ebi
187,Berny,Grinov
188,Zebadiah,Shead
189,Frederich,Walne
190,Gabriello,Grigorkin
191,Kristoffer,Wile
192,Justinian,Carbonell
193,Nefen,Paget
194,Graig,Alderson
195,Horacio,Poyser
196,Patricio,Bonson
197,Arvie,Drees
198,Bram,Kimbling
199,Jefferey,Langthorne
200,Dewie,Harhoff
201,Boot,Asker
202,Frasquito,Whitcher
203,Rice,Elphick
204,Ryan,Boath
205,Dory,Weagener
206,Beltran,Quimby
207,Mathian,Anderbrugge
208,Cobbie,Henrichsen
209,Leonidas,Borrell
210,Arthur,Stert
211,Fabien,Pashan
212,Tuck,Brickham
213,Berk,Rodger
214,Tremaine,Gimblett
215,Edsel,Maykin
216,Stacy,Norewood
217,Rolfe,Gibbieson
218,Homer,Geggus
219,Grover,Sutheran
220,Nicko,Parsonson
221,Orv,Reyes
222,Gregg,Dockrell
223,Eugen,Riccardi
224,Billy,Cowoppe
225,Tabby,Flipsen
226,Dougie,Shewry
227,Engelbert,Rhoddie
228,Brannon,Della Scala
229,Saw,Sokale
230,Konrad,Braycotton
231,Nat,Guttridge
232,Vincenty,Fancutt
233,Gearard,Dolbey
234,Byrom,Dyte
235,Buddy,Turfin
236,Verney,Ramey
237,Bronson,McNeigh
238,Jarret,Cheeke
239,Torre,Longley
240,Pren,Norheny
241,Bud,Tumayan
242,Hagen,Kleinstub
243,Reade,Bartak
244,Giacopo,Leipold
245,Oran,Pabelik
246,Coop,Tootell
247,Manfred,Bonde
248,Rolph,Clemmensen
249,Stevie,Sotham
250,Konrad,Spadari
251,Yancey,McCay
252,Pate,Matysiak
253,Artair,Pevreal
254,Artie,Webby
255,Fidole,Westoll
256,Redford,Yerrill
257,Ailbert,Killiam
258,Donavon,Oxshott
259,Lion,Seggie
260,Bond,Pimm
261,Tabor,Sheasby
262,Beale,Wegman
263,Gerhard,Colum
264,Moritz,Turban
265,Riley,Wheldon
266,Cameron,Van Weedenburg
267,Delano,Smittoune
268,Hart,Canfield
269,Archibaldo,Tweddle
270,Edgardo,Ranyell
271,Boothe,Quantick
272,Bentley,McKie
273,Loren,Dobrowolski
274,Tim,Delph
275,Kelby,Gennings
276,Arron,Aleksic
277,Gherardo,Parmeter
278,Alvis,Keach
279,Owen,Copp
280,Gilberto,Morhall
281,Haroun,Ryles
282,Bradney,Cheavin
283,Paolo,Perico
284,Dallon,Boycott
285,Bancroft,Seear
286,Cos,Boal
287,Norrie,Woolrich
288,Gannon,Iwanowicz
289,Ford,Rowe
290,Mohammed,McArte
291,Penn,Dunnet
292,Jasper,Geal
293,Cece,Pethybridge
294,Bud,Treadway
295,Pren,Mityukov
296,Mayer,Jenoure
297,Roosevelt,Munkley
298,Pryce,Fulmen
299,Patsy,Whyborne
300,Gage,Brodest
301,Lombard,Craik
302,Shaughn,Hucker
303,Barris,Eyckelberg
304,Rodney,Milmore
305,Earl,Stanlake
306,Jephthah,Jahan
307,Constantine,Brennen
308,Worth,Crocombe
309,Bondie,Trowel
310,Garrik,Gershom
311,West,Shellum
312,Adolpho,Clemes
313,Morty,Volke
314,Heinrick,Skillicorn
315,Reuven,Canto
316,Leland,Gittus
317,Dew,Von Welden
318,Clemente,Pamment
319,Gerry,Papachristophorou
320,Lowrance,Giddins
321,Wald,Veck
322,Edsel,Pusey
323,Walther,Riccetti
324,Clerkclaude,Pennetti
325,Aguie,Load
326,Upton,Scogin
327,Munroe,Reinbeck
328,Brooks,Clementson
329,Pattin,Stroulger
330,Roberto,Stoving
331,Fair,Asplin
332,Alfie,Dawltrey
333,Taddeusz,Casper
334,Christiano,Assel
335,Roberto,Withrop
336,Avictor,Keeri
337,Sayers,Lewton
338,Reynold,Scown
339,Creighton,Dawes
340,Nate,Christal
341,Langston,Ewestace
342,Francis,Dace
343,Broderic,Denford
344,Vassily,Lorden
345,Huntley,Wicken
346,Piotr,Schuelcke
347,Yule,Trasler
348,Percy,Moggan
349,Filbert,Tingle
350,Mason,Krahl
351,Web,Rameau
352,Alexis,Ginty
353,Rustie,Gytesham
354,Stevie,Redgewell
355,Harper,Beney
356,Pavlov,Huriche
357,Uriel,Byrd
358,Ara,Coltart
359,Ginger,Bleazard
360,Jameson,Edwards
361,Tailor,Harness
362,Puff,Nunes Nabarro
363,Hersch,Lohoar
364,Sig,Gostage
365,Monty,Kubecka
366,Nichols,Frigot
367,Prescott,Piaggia
368,Bengt,Divina
369,Rob,Jecock
370,Olag,Meighan
371,Tanner,Feechum
372,Levi,Mounsie
373,Olivero,Crummay
374,Sonny,Rhymes
375,Nehemiah,Broek
376,Ingemar,Ariss
377,Skipp,Kruschev
378,Kenyon,Glasscott
379,Arlen,Verne
380,Stanwood,Fusco
381,Saundra,Emmet
382,Jacques,Caile
383,Douglass,Embery
384,Devy,O'Grogane
385,Sullivan,Watkin
386,Weylin,Tuftin
387,Romain,Refford
388,Corby,Infantino
389,Bordy,Kirman
390,Tally,Ansell
391,Neall,Huddles
392,Nehemiah,Frape
393,Orland,Greally
394,Hall,Fateley
395,Tobe,McCrea
396,Alfy,Ruffy
397,Jecho,Mostin
398,Lydon,Chittleburgh
399,Brocky,De Hailes
400,Llywellyn,Goodbourn
401,Goran,Antonietti
402,Duff,Manolov
403,Hunt,Stamper
404,Rich,Rein
405,Aylmar,Bodleigh
406,Jeremie,Deamer
407,Seumas,Hirth
408,Terrence,Dikels
409,Hamel,Wisden
410,Maximilien,Leteurtre
411,Harald,Mattson
412,Karney,Brant
413,Emile,McNiff
414,Kennith,Marcinkowski
415,Roderick,Vlasyuk
416,Mata,Freathy
417,Durant,Sherington
418,Moishe,Diem
419,Tully,Bamford
420,Torr,Richens
421,Chev,Cutting
422,Josias,Videneev
423,Archibaldo,Pickerin
424,Salvador,Delaprelle
425,Emile,Boissier
426,Olenolin,Load
427,Leonardo,Jacquet
428,Penrod,Alcoran
429,Sydney,Margetts
430,Weber,Harbidge
431,Sandy,Mepham
432,Townsend,Faragan
433,Pryce,Girke
434,Jorge,Kubik
435,Janos,Alvy
436,Micheal,Kalewe
437,Donal,Grimes
438,Pascal,Bartosinski
439,Dare,Chaudret
440,Aluino,Nussgen
441,Pauly,Danat
442,Drugi,Theriot
443,Yance,Lougheed
444,Desi,Worral
445,Tomlin,Packington
446,Nickey,Roote
447,Tristam,Rickert
448,Gifford,Pietruschka
449,Janos,Woodruff
450,Orlando,Olivera
451,Randell,Gallard
452,Buck,Bassano
453,Cleve,Barwick
454,Brandon,O'Cahill
455,Patty,Senecaut
456,Doyle,Forestall
457,Rogerio,Hodcroft
458,Townsend,Shenfisch
459,Monte,Ellesworthe
460,Marchall,Danell
461,Arvin,Dossetter
462,Sigmund,Everall
463,Mohandis,Semarke
464,Codie,Chiverstone
465,Noe,Karpenya
466,Gardner,Pautard
467,Sherwynd,Barrott
468,Padriac,MacMichael
469,Glenden,Kynvin
470,Sergio,Isacsson
471,Adler,Rapi
472,Cyrus,Crichley
473,Darby,Lightwing
474,Vaughan,Tippett
475,Goran,Skahill
476,Amory,Bedrosian
477,Thadeus,Falconbridge
478,Reuben,Lacoste
479,Jimmy,Kyne
480,Charlie,Milliere
481,Dex,Andrzejak
482,See,Hanmore
483,Florian,Tear
484,Field,Bickerstaff
485,Wilburt,Baudone
486,Stanwood,Stollenbecker
487,Ashton,Fellgatt
488,Eamon,D'Ruel
489,Borg,Fanton
490,Antoine,Potes
491,Flinn,Fireman
492,Uri,Frusher
493,Neal,Chidlow
494,Merwin,Michel
495,Kerr,Syder
496,Vernor,Flaubert
497,Gearard,Bayston
498,Freddy,Fisby
499,Giusto,Exelby
500,Barnabe,Lotterington
501,Norry,Patterson
502,Briggs,Hurndall
503,Elsworth,Scannell
504,Gary,Fray
505,Reube,Shillom
506,Stu,Clash
507,Gris,Moxon
508,Whitney,Yapp
509,Brody,Orchard
510,Lindy,Mulligan
511,Brockie,Sorbie
512,Craggie,Muspratt
513,Reinwald,Tangye
514,Lonnard,Inglesant
515,Erroll,Gostling
516,Ted,Skelcher
517,Ezequiel,Whetnell
518,Fielding,Lauderdale
519,Gael,Errol
520,Donavon,Tolotti
521,Chandler,Wilacot
522,Penny,Denington
523,Adrien,Struthers
524,Tadeas,Enevoldsen
525,Carver,Mitkov
526,Raddie,Welch
527,Claybourne,Reisin
528,Hyatt,Garrad
529,Oates,Lamplugh
530,Ansell,McAtamney
531,Rogers,Merner
532,Joshia,Kelso
533,Ozzy,Vinas
534,Antoine,Oury
535,Dominic,Blankhorn
536,Raff,McCool
537,Prent,Wait
538,Bengt,Seston
539,Ximenes,Swaton
540,Ronald,Ovise
541,Samuel,Myerscough
542,Adolph,Vlasenkov
543,Felix,Buscher
544,Archy,Criag
545,Errick,Pruckner
546,Orlan,Ferrar
547,Culley,Purshouse
548,Christoph,Shorto
549,Huntington,Sisselot
550,Douglass,Nisot
551,Leonhard,Huckle
552,Mata,Ebi
553,Duncan,Charpin
554,Hill,Skerman
555,Sergeant,Ransfield
556,Farley,Eldershaw
557,Kenton,Harriott
558,Skippie,O'Hare
559,Tore,Louw
560,Nye,Loynton
561,Waldemar,Shawe
562,Arnuad,O'Currigan
563,Mendel,Gatcliff
564,Geoffrey,Flowerden
565,Fredric,Jesper
566,Mayne,Spriddle
567,Yvon,Orsay
568,Thaxter,Daice
569,Pete,Josephoff
570,Rickert,Sanzio
571,Emerson,Gulliver
572,Pietrek,Ternent
573,Bordie,McKevany
574,Waldon,Davio
575,Lawrence,Gainsbury
576,Alden,Buckmaster
577,Reinwald,Shreenan
578,Burton,Stranio
579,Frederik,Delong
580,Edmon,Gerrelts
581,Gauthier,Yellep
582,Isiahi,Grandisson
583,Jules,Smith
584,Rusty,Barendtsen
585,Royall,Narramor
586,Edan,Biskupski
587,Westley,Brendish
588,Lazar,Rockwill
589,Dmitri,Greensmith
590,Royall,Sandyfirth
591,Mohandas,MacCartair
592,Delmor,Merriton
593,Redd,MacKilroe
594,Julian,Kloser
595,Karoly,Kelcher
596,Kev,Gosnay
597,Fidole,Rixon
598,Langston,Snelling
599,Aldo,Enion
600,Frederik,Giorgini
601,Bram,Dawnay
602,Arthur,Kilday
603,Jabez,Roderigo
604,Maxim,Smullin
605,Gasper,Speares
606,Barron,Oubridge
607,Simmonds,Fassmann
608,Milo,Terran
609,Vasily,Alday
610,Brennan,Richen
611,Dukey,Kopf
612,Fritz,Gripton
613,Grove,Culver
614,Murry,Spargo
615,Eldridge,Everex
616,Franny,Dowall
617,Godwin,Wheildon
618,Meredith,Christescu
619,Gregoor,Abbado
620,Markos,Taplin
621,Lionello,Curness
622,Schuyler,Mustoe
623,Radcliffe,Marchello
624,Rab,Gonnelly
625,Elliott,Ansett
626,Nahum,Addams
627,Maxie,Lesaunier
628,Gerardo,Martynka
629,Jamison,Jeandillou
630,Lorant,Belitz
631,Miner,Spiteri
632,Roland,Preddle
633,Walther,Concklin
634,Dermot,Keller
635,Duky,Lafayette
636,Jed,Arpino
637,Clint,Brigg
638,Cal,Burborough
639,Niall,Brosch
640,Hugh,Prestige
641,Wolfgang,Easlea
642,Darrell,Spandley
643,Herbert,Anfonsi
644,Vittorio,Beynke
645,Aleksandr,Fensome
646,Fidel,Brain
647,Enrico,Goodchild
648,Any,Goding
649,Griffie,Luigi
650,Elijah,Meader
651,Hubie,Franchi
652,Lauren,Rubenovic
653,Logan,Boken
654,Nikolaus,Bicker
655,Garvy,Blazdell
656,Adler,Rudderham
657,Philbert,McKirdy
658,Nial,Balfre
659,Waite,Osinin
660,Wyn,McGrouther
661,Henrik,Goves
662,Stan,Lay
663,Georgie,Cruwys
664,Yank,Averill
665,Verne,Blodg
666,Cullan,Gallyhaock
667,Barret,Castagneto
668,Aguste,Eastridge
669,Elwood,Poat
670,Roldan,Joberne
671,Fred,Earingey
672,Charles,Rathborne
673,Zebulen,Escudier
674,Marcelo,Avramovic
675,Gill,Heatlie
676,Miller,Shinton
677,Rolf,Cobbledick
678,Claudianus,Everingham
679,Chas,Boissier
680,Eugene,Lober
681,Webster,Hardey
682,Roldan,Scolts
683,Bent,Zanazzi
684,Roger,Gettins
685,Demetre,Shemelt
686,Wallace,Ziems
687,Rafi,Blissitt
688,Dorie,Viggars
689,Tynan,Coolbear
690,Griffin,Lumby
691,Husain,Coleman
692,Pierre,Curtis
693,Gregoor,Fydo
694,Forester,O'Hagirtie
695,Karlan,Colam
696,Korey,Player
697,Tracie,Hemerijk
698,Darrell,Devon
699,Lannie,Donnellan
700,Filmer,Akers
701,Johny,Ashelford
702,Lothaire,Patten
703,Gustav,Ordidge
704,Devlen,Splevings
705,Baryram,Lanphier
706,Richie,Isaacson
707,Uriel,Snelle
708,Tymon,Riedel
709,Iver,Bras
710,Wallace,Sheldrake
711,Regan,Figgs
712,Mahmud,Routh
713,Raymond,Pearn
714,Alair,Bartak
715,Ward,Riddiford
716,Kerk,Gillease
717,Peter,Patzelt
718,Ingrim,Du Plantier
719,Hal,Rings
720,Claire,Baskerville
721,Norby,Borrows
722,Martino,Cleverly
723,Gaspar,Dincke
724,Denis,Blowne
725,Bevan,Geddis
726,Rufe,Peebles
727,Web,Wildbore
728,Kelbee,Ebbings
729,Goraud,Badby
730,Damian,Merner
731,Ansell,Hovert
732,Ferrel,Oakenford
733,Roy,McQuillin
734,Ode,Cogin
735,Rafael,Prowse
736,Gilburt,Noades
737,Elvin,McCrackan
738,Standford,Warre
739,Phineas,Tilbury
740,Curry,Venners
741,Gunther,Wadsworth
742,Durward,Smy
743,Terence,Hedworth
744,Mart,Legging
745,Mortie,Shellum
746,Alanson,Tinsley
747,Patrizio,Durnell
748,Oates,Cavnor
749,Samson,Starcks
750,Boy,Bollini
751,Obadiah,Lydden
752,Allister,Kaesmakers
753,Aldin,Stanton
754,Care,Drain
755,Denver,Taylorson
756,Ralph,Inker
757,Husain,Fosher
758,Earle,Sharrier
759,Gannie,Picker
760,Chaddie,Thireau
761,Trenton,Heam
762,Rad,Dallman
763,Kiley,Dotson
764,Daven,Skeete
765,Alleyn,Brashaw
766,Hagen,Seelbach
767,Stacee,Dreng
768,Freemon,Cocklie
769,Hadley,Glynn
770,Dallas,Blouet
771,Ivan,Moggach
772,Noe,Trattles
773,Garrick,Bulteel
774,Bradford,Burle
775,Killian,Carling
776,Goddart,Henworth
777,Corrie,Sheppey
778,Kipp,Crann
779,Sutherland,Harriott
780,Heath,Trevers
781,Lesley,Bush
782,Say,Blackeby
783,Chas,Pimlock
784,Archibold,Wais
785,Douglas,Malinson
786,Hershel,Keaveny
787,Wildon,Kubiak
788,Maxy,Jodrellec
789,Lothaire,Covelle
790,Decca,Zanetto
791,Boote,Pendrick
792,Alonso,Mangam
793,Paddie,Langthorne
794,Aldous,Flatley
795,Elton,Donnell
796,Hasty,Arangy
797,Webster,Fildery
798,Stacy,Colebourn
799,Goddart,Lauks
800,Arley,Caines
801,Griffy,James
802,Wheeler,Nurden
803,Albrecht,Gagin
804,Duffie,Howel
805,Omar,O'Corren
806,Randy,Seden
807,Wilhelm,Mallon
808,Delbert,Fairpool
809,Deck,Cleaver
810,Barn,Fendley
811,Reed,Borgne
812,Kingsly,Tokley
813,Kaleb,Furzer
814,Aubert,Orrey
815,Evin,Fanthome
816,Allard,Walwood
817,Alexander,Durker
818,Lemmy,Belcher
819,Sholom,Dundredge
820,Prince,Diloway
821,Simone,Eate
822,Frederico,Beekmann
823,Papageno,Puttnam
824,Cal,Pickersgill
825,Torrin,Ackhurst
826,Gabe,Jovanovic
827,Obidiah,Heyfield
828,Hurley,Fyers
829,Ganny,Seer
830,Victor,Grimsell
831,Serge,Hexum
832,Sauveur,Ridgewell
833,Giffard,Carragher
834,Shalom,Babbage
835,Kelwin,Harbert
836,Sylvan,Phateplace
837,Prinz,Quarton
838,Benjamin,McEntegart
839,Briggs,Scollard
840,Anton,Shovelton
841,Kele,Kiss
842,Abeu,Thick
843,Clark,Billing
844,Freddy,Gery
845,Chester,Guidera
846,Jeff,Sappy
847,Norton,Neising
848,Dilan,Elijah
849,Paxton,Wilkie
850,Kirk,Jarrette
851,Matthias,Sissot
852,Saunder,Amott
853,Zebulen,Kegan
854,Lauren,Sugge
855,Torrance,Coulton
856,Elwyn,Kennefick
857,Briggs,Conachy
858,Loydie,Mearns
859,Clair,Collum
860,Hobart,Ivanishchev
861,Durward,Hurche
862,Traver,Cassey
863,Carling,Sulman
864,Marsh,Brettell
865,Hastie,Segrott
866,Daven,Blazewicz
867,Bill,Parren
868,Jerrold,Wingatt
869,Morten,Filler
870,Somerset,Tyas
871,Carey,Lerigo
872,Cody,Kensington
873,Sidney,Salaman
874,Stavros,Serrier
875,Crosby,Jelkes
876,Morten,Pampling
877,Howard,Treherne
878,Paxton,O'Hallagan
879,Dunc,Clewarth
880,Paxon,Lapsley
881,Ringo,Vevers
882,Gerry,Danby
883,Patsy,Labarre
884,Gregorius,Giraudot
885,Fitzgerald,Heskin
886,Patrizius,Manuel
887,Erin,Iveans
888,Fairlie,Lowsely
889,Osbourne,McKibbin
890,Perceval,Colbridge
891,Robin,Spurgeon
892,Birch,Domanek
893,Dru,Mocher
894,Buckie,Blakeston
895,Thorny,Cawthera
896,Vern,Lissaman
897,Schuyler,Porter
898,Nels,Cescotti
899,Alix,Leifer
900,Duke,Caulcutt
901,Donaugh,Garfit
902,See,Murton
903,Horacio,Mulgrew
904,Matty,Swadling
905,Carlos,Frederick
906,Jammal,Skase
907,Eduino,Swinley
908,Keith,Pickles
909,Odie,Ketteringham
910,Milty,Gimert
911,Guglielmo,Frantz
912,Sayre,Condie
913,Lorrie,Brimner
914,Korey,Tomasicchio
915,Ambrose,Olland
916,Milt,Hulburt
917,Shannon,Parades
918,Shay,Klinck
919,Ervin,Foakes
920,Gordan,Ballsdon
921,Hugh,Cleveland
922,Brose,Castiblanco
923,Nial,Rooson
924,Leighton,Fiddyment
925,Brod,Kivelhan
926,Ransell,Holbarrow
927,Darn,Rowett
928,Terrell,Wardley
929,Obidiah,Rosling
930,Ernesto,Mallock
931,Shannon,Pilger
932,Quent,Newvill
933,Nels,Lorenzetti
934,Fabe,Loxly
935,Hamid,Snadden
936,Orazio,Studman
937,Reinald,Allston
938,Zack,Aymeric
939,Kerr,Strethill
940,Paxon,Odgaard
941,Reinwald,Roadnight
942,Augie,Candelin
943,Deane,Adamsson
944,Haily,Martlew
945,Gasper,Mintram
946,Ian,Holleworth
947,Ignazio,Rosberg
948,Hillary,Fairlamb
949,Wilbur,Barber
950,Mason,Benham
951,Elijah,Hebble
952,Mannie,McSwan
953,Roth,Coolbear
954,Dwayne,Luckman
955,Raleigh,Dobson
956,Colin,Crohan
957,Aylmer,Crawforth
958,Jamaal,Kerwin
959,Lemar,Frisel
960,Rhett,Borlease
961,Rusty,Olufsen
962,Bernhard,Gilardone
963,Fleming,Seagrove
964,Rochester,Bouchard
965,Adams,Lieber
966,Othello,McLeary
967,Conroy,Wortt
968,Amerigo,Miebes
969,Albie,Beau
970,Ramon,Furminger
971,Mason,Ends
972,Herrick,Pabelik
973,Gregor,Jarrette
974,Rudiger,Petchell
975,Hayyim,Sleeny
976,Moshe,Feltoe
977,Garik,Sketchley
978,Patricio,Hubbert
979,Seymour,Donkersley
980,Innis,Dagon
981,Marlin,Westbrook
982,Penny,Davinet
983,Duffy,Chasles
984,Reggie,Crocket
985,Chaddie,Chapelle
986,Manfred,Ullyatt
987,Hodge,Denny
988,Lisle,Farfolomeev
989,Leupold,Klima
990,Jermain,Ambroisin
991,Hadleigh,Gossart
992,Stefan,Tilt
993,Miles,Simounet
994,Gamaliel,Dengel
995,Robbert,Sposito
996,Reube,Blackley
997,Ade,Loffill
998,Ambrose,Ockland
999,Balduin,Asser
1000,Jeno,Kevane
