id,Ime,Naslov
1501,Heathcote, Hoppe and Gleichner,3 Hansons Alley
1502,Mohr Inc,6 8th Plaza
1503,Macejkovic Group,50 Thompson Street
1504,Konopelski, Haley and Franecki,55 Hauk Street
1505,Maggio and Sons,4 Westport Avenue
1506,Sawayn LLC,7 Spaight Road
1507,Hayes, Vandervort and Daniel,5 Welch Avenue
1508,Goyette, Sporer and Bergnaum,76 Ronald Regan Place
1509,Hoppe and Sons,288 John Wall Place
1510,Torphy-Lemke,840 Dayton Terrace
1511,Gibson, Gottlieb and Keebler,49839 Onsgard Park
1512,Gutkowski LLC,80 Continental Crossing
1513,Armstrong Inc,92 Dapin Hill
1514,D'Amore, Lebsack and Jerde,555 Fallview Park
1515,Lindgren, Huel and Wiza,70937 Lawn Hill
1516,Hilpert LLC,44 Westerfield Avenue
1517,Legros, Watsica and Mills,5 Pierstorff Court
1518,Olson Group,7255 Manley Circle
1519,Metz Inc,3 Buhler Street
1520,Adams, Lueilwitz and Kihn,61047 Heffernan Center
1521,Murazik LLC,942 Stuart Crossing
1522,Ward, Gutkowski and Hansen,470 Sloan Avenue
1523,Barrows, Rowe and Christiansen,21025 4th Alley
1524,DuBuque, Reinger and D'Amore,28154 Maryland Hill
1525,Klein and Sons,0 Waxwing Parkway
1526,Gutmann, Gaylord and Pfannerstill,9148 Prentice Way
1527,Pfeffer-Mohr,11 Forest Street
1528,Johns-Rippin,66 Kennedy Plaza
1529,Berge Inc,5574 John Wall Park
1530,Gislason, Schuppe and McGlynn,71 Muir Court
1531,Zboncak Group,2119 Elmside Alley
1532,Hermann, Will and Effertz,42774 Meadow Ridge Crossing
1533,Flatley-Schaefer,059 3rd Point
1534,Rolfson, Yost and Kshlerin,5 Spenser Circle
1535,Muller Group,32601 Delladonna Park
1536,Jakubowski and Sons,7785 Vernon Point
1537,Boyer, Torp and Satterfield,56609 Old Gate Drive
1538,Vandervort and Sons,23 Elmside Way
1539,Sawayn and Sons,9 Graceland Plaza
1540,Spinka, Hermann and O'Conner,6162 Esker Park
1541,Jaskolski Inc,61767 Porter Terrace
1542,Beer Inc,446 Schurz Drive
1543,Dibbert, Sipes and Anderson,104 Karstens Crossing
1544,Rippin-Altenwerth,3 Mockingbird Place
1545,Miller, Toy and Harber,0 Eastwood Terrace
1546,Dickens, Sanford and Considine,44083 Badeau Road
1547,Ebert LLC,13 Russell Road
1548,Fadel, Bashirian and Hackett,4681 2nd Court
1549,Yundt-Bartell,15 Pawling Park
1550,Mueller LLC,4293 Talmadge Junction
1551,Smith and Sons,833 Burrows Road
1552,Lubowitz Inc,823 Melody Plaza
1553,Stoltenberg LLC,0815 Esker Plaza
1554,Wehner-Brekke,30822 Kropf Place
1555,Collins Group,68 Transport Parkway
1556,Lehner-Champlin,67616 Bluestem Junction
1557,Stracke Group,07929 South Street
1558,Sporer Inc,1 Canary Avenue
1559,Murphy LLC,874 Trailsway Pass
1560,Upton LLC,15636 Tomscot Park
1561,Schultz, Simonis and Stokes,1 Del Sol Terrace
1562,Marquardt and Sons,6 Vahlen Terrace
1563,Gleason Inc,51 Debra Parkway
1564,Kessler-McDermott,172 Petterle Lane
1565,Larson, Cremin and Anderson,0 Loftsgordon Alley
1566,Dickens-Mraz,68358 Granby Park
1567,Satterfield-Lind,4860 Nevada Point
1568,Hintz-Vandervort,66 Anhalt Point
1569,Jacobs-Block,3 Summit Lane
1570,Romaguera-Doyle,61043 Carey Road
1571,Gislason, Emmerich and Christiansen,27444 Anderson Trail
1572,Bernier, Crona and Wisozk,2 Sachtjen Park
1573,Volkman, Dooley and Prosacco,146 Northfield Place
1574,Grant-Stokes,2928 Bunting Street
1575,Nader, Langosh and Hintz,7 Schiller Place
1576,Roob, Block and Douglas,310 Comanche Terrace
1577,Kunze, O'Hara and Miller,1 Sunbrook Terrace
1578,Hammes, O'Conner and O'Conner,15 Debs Point
1579,Schneider and Sons,61 6th Parkway
1580,Braun LLC,32098 Pierstorff Junction
1581,Macejkovic, Daugherty and Hodkiewicz,803 Ruskin Hill
1582,Rodriguez Group,8002 Lien Way
1583,O'Conner-O'Reilly,3078 Prairie Rose Point
1584,Klocko Inc,9 Judy Drive
1585,Sanford, Von and Towne,38742 Mcguire Terrace
1586,Roberts-Cummings,070 Spohn Circle
1587,Gleason-Harvey,4 Service Crossing
1588,Kozey-Cole,051 Huxley Point
1589,Rempel-Davis,2205 Prairieview Court
1590,West-Prosacco,028 Kim Alley
1591,McDermott-Kuvalis,6 Schurz Terrace
1592,Walker-Quitzon,15274 Rieder Park
1593,Nikolaus LLC,3669 Northview Avenue
1594,Stehr-Sipes,22 Superior Junction
1595,Weber-Harvey,631 Arrowood Crossing
1596,Schmitt LLC,86017 Declaration Court
1597,Kuhic-Franecki,7 Carey Pass
1598,Corwin-Altenwerth,0137 Goodland Place
1599,Tremblay and Sons,8 Dapin Crossing
1600,Hintz-Crooks,2 Rieder Junction
1601,Lesch-Nikolaus,10842 Trailsway Road
1602,Deckow, Hamill and Walsh,95 3rd Parkway
1603,Davis Inc,4093 Onsgard Court
1604,Weber, Abshire and Bosco,7 Eastlawn Point
1605,Turner and Sons,2 Kings Hill
1606,Kilback Inc,60043 Prentice Lane
1607,Ankunding, Rempel and Reinger,8113 Steensland Lane
1608,Weissnat-Boyer,579 Atwood Alley
1609,Wehner-Blick,4653 Debs Park
1610,Boyer-Homenick,5 Hansons Junction
1611,Herzog LLC,1 Eliot Drive
1612,Schneider-DuBuque,065 Stone Corner Street
1613,Bartell-Shanahan,9398 Lukken Avenue
1614,O'Hara LLC,5886 Lighthouse Bay Crossing
1615,Smitham, Yundt and Rath,7473 Cambridge Hill
1616,Koch, Sauer and Schinner,85 Manley Court
1617,Yundt-Cruickshank,941 Muir Terrace
1618,Muller, Simonis and Stanton,9156 Scott Terrace
1619,Hane LLC,8 Everett Pass
1620,Roberts, Wiegand and Schmitt,8 Eastlawn Crossing
1621,Osinski-Orn,3969 Karstens Parkway
1622,Barton, Moen and Schiller,6 Kensington Pass
1623,Will Group,00997 Welch Plaza
1624,Barrows-Gutmann,3255 Manitowish Hill
1625,Lockman, Schimmel and Cummings,33 Springs Park
1626,Sanford-Brown,44663 Dawn Hill
1627,Koss-Koelpin,7 Erie Road
1628,Bernier-Rutherford,85 John Wall Point
1629,Ryan LLC,77335 Sycamore Trail
1630,Huels, McCullough and Roob,8762 Weeping Birch Street
1631,Mueller-Corkery,0999 Eliot Plaza
1632,Padberg, Rempel and DuBuque,72509 Wayridge Street
1633,Gerlach-Spencer,23 Monument Circle
1634,Runolfsdottir, Towne and Hirthe,3 Grim Center
1635,Orn Group,92 Annamark Lane
1636,Hirthe, Gusikowski and Heathcote,68 3rd Junction
1637,Maggio and Sons,19278 Schiller Road
1638,Schulist-Mertz,14282 Northwestern Drive
1639,Rohan Group,28 Sugar Park
1640,Spencer-O'Connell,955 Bultman Place
1641,Ratke, Paucek and Boehm,154 Cardinal Terrace
1642,Turner Group,5 Hazelcrest Crossing
1643,Schmidt, Kilback and Wisoky,84225 5th Avenue
1644,Pagac, Trantow and Heathcote,6728 Eliot Place
1645,Zemlak-Cartwright,1349 Macpherson Crossing
1646,Emmerich-Grimes,009 Buena Vista Pass
1647,Hegmann-Borer,279 Cottonwood Trail
1648,Boehm, Borer and Parisian,53 Jana Pass
1649,Goodwin, Nicolas and Considine,56 Schurz Road
1650,Runolfsdottir Group,11 Dunning Place
1651,West Inc,0 Roxbury Terrace
1652,Littel, Cartwright and Bahringer,3 Leroy Hill
1653,Runolfsson-Grant,14 Fordem Hill
1654,Treutel Inc,7652 Summerview Terrace
1655,Pollich-Cartwright,7025 Donald Way
1656,Kunde and Sons,5 Stang Alley
1657,Wyman-Flatley,7553 Gerald Point
1658,Rosenbaum LLC,49 Service Lane
1659,Morissette-Conn,6134 Oxford Way
1660,Hartmann, Hammes and Zieme,4536 Almo Lane
1661,Lubowitz, Turner and Pouros,19501 Starling Point
1662,Fay Group,8856 Parkside Point
1663,Yost, Rolfson and Ortiz,43 Derek Park
1664,Hirthe Inc,5714 Chive Crossing
1665,Moen-Schowalter,1 Sachs Court
1666,Ortiz-Moen,54208 Amoth Drive
1667,Dietrich-Cole,5549 Moulton Road
1668,Haley, Padberg and Dietrich,900 Gulseth Pass
1669,Pouros Inc,2525 Oneill Center
1670,Weber-Buckridge,73 Maple Center
1671,Schowalter-Hammes,88313 Linden Place
1672,Skiles-Fadel,60 Manufacturers Trail
1673,Grant and Sons,55589 Green Ridge Crossing
1674,Kuhlman Group,5324 Hauk Plaza
1675,Conn, Flatley and Schuster,80881 Brentwood Alley
1676,Vandervort, Stark and Stracke,432 Reindahl Lane
1677,Thiel, Hilll and Waters,65 Farragut Center
1678,Keebler-Monahan,04 Cody Crossing
1679,Christiansen-Mann,8071 Grasskamp Alley
1680,Gutmann, Oberbrunner and Moore,1 Manitowish Lane
1681,Romaguera-Abshire,6 Declaration Trail
1682,Metz-Kassulke,28 Tomscot Hill
1683,Rau, Boehm and Durgan,18 Eagle Crest Road
1684,Buckridge-Olson,25 Armistice Drive
1685,Heaney, Kozey and Blick,3 Debs Place
1686,Bednar Group,7409 Messerschmidt Point
1687,Pfeffer LLC,29 Hazelcrest Hill
1688,Littel-Lakin,3964 Cottonwood Alley
1689,Prohaska, Larson and Krajcik,4275 Springview Road
1690,Gislason Inc,70 Ridgeway Way
1691,McKenzie-Wisoky,3347 Judy Avenue
1692,Deckow-Bins,881 Melby Hill
1693,Little Inc,178 Reinke Alley
1694,Stroman Inc,94 Ruskin Pass
1695,Herman LLC,8455 Pierstorff Road
1696,Zulauf Group,89240 Schlimgen Avenue
1697,Gerlach and Sons,8008 Cardinal Avenue
1698,Schoen LLC,517 Fieldstone Avenue
1699,Schimmel, Stiedemann and Bauch,09 Corry Parkway
1700,Durgan LLC,3 Vidon Park
1701,Fisher, Moen and Hagenes,27841 Larry Pass
1702,Reichert, Barton and Corkery,79392 Prentice Road
1703,Weimann Group,748 Merrick Circle
1704,Cole-Kuhic,391 David Court
1705,Herzog, Kuhlman and Cummerata,65301 Northfield Way
1706,Cummings, Larson and Will,352 Muir Parkway
1707,Langosh-Bernier,4 Homewood Point
1708,Lockman Group,772 Clove Park
1709,Schultz-Boehm,94359 Killdeer Drive
1710,Paucek-Beahan,7820 Spenser Drive
1711,Hudson-Runolfsdottir,55 Hayes Plaza
1712,Funk-Carter,0 Algoma Pass
1713,Ullrich-Leffler,79684 Ridgeview Road
1714,Bahringer-O'Conner,56027 Dorton Way
1715,Bauch-Beier,37 Wayridge Lane
1716,Rogahn, Keeling and Becker,29229 Dennis Road
1717,Hoeger, Wyman and Mills,45579 Bay Alley
1718,Simonis Group,8 Butternut Avenue
1719,Senger LLC,5 Cherokee Pass
1720,Douglas LLC,81032 Pearson Circle
1721,Kuvalis-Hodkiewicz,2 Bartillon Terrace
1722,Fisher, Kozey and Rogahn,6157 Tennyson Point
1723,Mitchell-Johnston,2 Blackbird Drive
1724,Abernathy Group,6 Pine View Terrace
1725,Gulgowski LLC,4565 Cherokee Trail
1726,Mayer LLC,51 Mandrake Junction
1727,Hagenes-Mosciski,5603 Cordelia Parkway
1728,Christiansen-Sanford,1 Starling Lane
1729,Bauch LLC,258 Springs Parkway
1730,Schmitt-Muller,1 Paget Terrace
1731,Smith Inc,4276 American Court
1732,Schneider Inc,2096 Forest Run Hill
1733,Schmitt, Watsica and Davis,9 Cambridge Center
1734,Cassin and Sons,5 Summerview Trail
1735,Hauck, Denesik and Vandervort,5 Old Shore Hill
1736,Wilderman LLC,2 Clove Terrace
1737,Kessler-Johnson,7 Ohio Plaza
1738,Weber Inc,12938 Reinke Drive
1739,Weimann and Sons,6893 Melvin Plaza
1740,Jast Inc,435 Judy Junction
1741,Parker-Johnston,7844 Truax Pass
1742,Schuster-Schmeler,5953 Huxley Pass
1743,Stoltenberg-Hirthe,11974 Shelley Circle
1744,Klein Group,4 Eliot Court
1745,Grant, Cummerata and Veum,41589 Daystar Lane
1746,Vandervort LLC,299 Hansons Drive
1747,Walsh-Dooley,9523 Sloan Place
1748,Jacobson and Sons,6284 Browning Drive
1749,Considine Inc,037 Golf Plaza
1750,Hand and Sons,33289 2nd Junction
1751,Kovacek, Upton and Ferry,40949 Northwestern Point
1752,Cremin and Sons,1 Petterle Place
1753,Goldner LLC,3 Mallory Pass
1754,Lehner Inc,9 Gerald Court
1755,Hoeger LLC,8716 Myrtle Parkway
1756,Zulauf, Zboncak and Wisozk,2271 Anniversary Drive
1757,Ryan, Pfannerstill and Kerluke,96277 Doe Crossing Avenue
1758,Hodkiewicz-Rice,860 Novick Point
1759,Schaefer Inc,02 Sachs Plaza
1760,Blick-Harber,9923 Dayton Alley
1761,Lang, Lebsack and Lowe,1 Cordelia Pass
1762,Walker LLC,20905 Lunder Circle
1763,Cronin, Tremblay and Schmidt,08 Gateway Center
1764,Bogisich-Gibson,52818 Almo Park
1765,Barrows, Lynch and Shields,329 Springs Avenue
1766,Emard, Conn and Ratke,24717 East Lane
1767,Brakus-Goyette,1157 Cardinal Drive
1768,Boehm-Haag,8 Nobel Point
1769,Cremin-Fahey,06358 Hollow Ridge Trail
1770,Feil-Hills,7 Esch Point
1771,Stokes LLC,358 Burning Wood Junction
1772,Quitzon-Ruecker,67 Cordelia Plaza
1773,Champlin, Williamson and Hartmann,2 Corscot Parkway
1774,Gaylord-Schiller,4 Lakeland Street
1775,Effertz-Quitzon,4874 Red Cloud Point
1776,Grant-Harvey,87 Anderson Pass
1777,McCullough, Wunsch and Mitchell,1757 North Crossing
1778,Strosin LLC,26737 Crownhardt Avenue
1779,Weimann, Fahey and Kerluke,48 Canary Junction
1780,Heller, Fadel and Douglas,8 Sutteridge Circle
1781,Kuphal, Bergnaum and Schneider,96 Portage Terrace
1782,O'Conner, Nienow and Hills,823 Gateway Junction
1783,Gutkowski, Senger and Wolf,06 Jay Pass
1784,Legros-Walsh,76771 Rowland Circle
1785,Bernier LLC,355 Buhler Hill
1786,Schulist, Boyer and Ankunding,9 Lunder Way
1787,Waelchi, Conroy and Rath,69135 8th Terrace
1788,Feest Inc,22201 Troy Point
1789,Zemlak-Berge,2 Quincy Way
1790,Murazik-Mraz,6 Eagan Alley
1791,Langosh, Johnson and Gutkowski,57022 Coolidge Street
1792,Pfeffer-Schumm,65 Kinsman Court
1793,Welch-Dickinson,637 Lakewood Gardens Crossing
1794,Reichel, Blick and Aufderhar,7666 Rowland Plaza
1795,Vandervort Group,2346 Di Loreto Drive
1796,Botsford-Mohr,98 Northport Place
1797,Batz, Lind and Leuschke,9 Hoepker Way
1798,Trantow, O'Conner and Bailey,2 Dottie Lane
1799,Runte, Corkery and Spencer,24 Karstens Point
1800,Volkman, Lebsack and Hamill,1 Summit Road
1801,Kirlin-Kub,7 Badeau Road
1802,O'Connell-Greenfelder,61462 Erie Terrace
1803,Veum, Herzog and Koch,74 Ronald Regan Place
1804,Terry-Ebert,9198 Rowland Street
1805,Huels, Harris and Goldner,214 Pine View Junction
1806,Walter, Weber and Rodriguez,70 Summer Ridge Pass
1807,McDermott, Yundt and Hettinger,61989 Petterle Drive
1808,Weber-Pfeffer,356 Becker Trail
1809,Lind-Walker,50 Little Fleur Junction
1810,Gerlach-Lueilwitz,793 Dorton Circle
1811,Koss LLC,84 Merrick Road
1812,Cartwright Group,7390 6th Way
1813,Breitenberg, Hickle and Schmeler,66 Maywood Court
1814,Purdy-Becker,333 Kensington Road
1815,Hettinger-Miller,84 Evergreen Terrace
1816,Schulist-Grimes,91375 Towne Park
1817,Gulgowski-Marquardt,7035 Stang Plaza
1818,Kunde, Swaniawski and Klein,023 Alpine Hill
1819,Altenwerth, Stoltenberg and VonRueden,06 New Castle Junction
1820,Heathcote and Sons,91460 Fremont Parkway
1821,Dickinson, Toy and Stanton,9 Grasskamp Road
1822,Cummerata Inc,433 Golden Leaf Drive
1823,Mante and Sons,465 Annamark Place
1824,McClure, Cassin and Larson,06579 Forster Point
1825,Ledner, Bailey and D'Amore,51 Ronald Regan Road
1826,Baumbach, Dooley and Pollich,876 Declaration Drive
1827,Spencer, Blick and Funk,45 Starling Center
1828,Hegmann, Heathcote and Skiles,747 Village Hill
1829,Metz-Reilly,33 Mariners Cove Lane
1830,Rogahn-Crooks,626 Acker Junction
1831,Hayes Inc,08 Menomonie Center
1832,Runolfsdottir-Beier,69 West Lane
1833,Pagac-Gaylord,0373 Iowa Park
1834,Legros and Sons,74101 Jackson Plaza
1835,Lehner, Klocko and Goodwin,25 Hanson Center
1836,Rodriguez, Ratke and Thompson,3976 Center Terrace
1837,McGlynn Inc,14159 Meadow Vale Way
1838,Gleichner, Metz and Zieme,452 Brown Crossing
1839,Bartell-Windler,36604 Porter Road
1840,Becker Group,9 Muir Circle
1841,Welch and Sons,6 Sunfield Pass
1842,Tillman, Will and Hegmann,3 Tennessee Parkway
1843,Bernhard LLC,85375 Memorial Trail
1844,Labadie-Blanda,0 Surrey Avenue
1845,Schowalter-Bradtke,124 Helena Drive
1846,Schmidt-Wolf,453 Dovetail Road
1847,Fadel-Nienow,76209 Summer Ridge Place
1848,Runte Inc,4026 Bunting Place
1849,Haley LLC,61 Service Alley
1850,Harvey-Kerluke,24 Tony Circle
1851,Dicki-Rempel,5 Novick Circle
1852,Maggio and Sons,67525 Graedel Trail
1853,Russel, Kovacek and Oberbrunner,58 Artisan Parkway
1854,Effertz-Renner,0656 Old Gate Avenue
1855,Muller, Larkin and Marks,50 Meadow Vale Avenue
1856,Graham LLC,8834 Stone Corner Pass
1857,Rosenbaum-Lowe,60812 Towne Junction
1858,Runolfsdottir and Sons,85 Karstens Avenue
1859,Sporer, Hayes and Durgan,169 Oak Valley Road
1860,Goldner, Balistreri and Volkman,1809 Independence Plaza
1861,Orn, Runolfsdottir and Hirthe,1 Sunfield Hill
1862,Hauck Inc,2880 Raven Place
1863,Quigley-Turcotte,34169 Gale Hill
1864,Bauch-Wiza,9720 Cascade Plaza
1865,Watsica, Walsh and Bechtelar,7 Amoth Street
1866,Bayer, Maggio and Feest,23491 Crest Line Trail
1867,McCullough, Gusikowski and Waelchi,0636 Sommers Place
1868,Koepp and Sons,68456 Kropf Avenue
1869,Botsford, Greenholt and Dickinson,3 Lawn Park
1870,Marquardt, Green and Reilly,010 Sloan Point
1871,Heller-Adams,64561 Waubesa Terrace
1872,Baumbach Group,979 Vahlen Alley
1873,Streich, Nikolaus and Bradtke,0867 Stephen Road
1874,Fay, Hackett and Auer,82 Delaware Lane
1875,Heller-Jacobson,85356 Mitchell Way
1876,Murazik Group,395 Bay Alley
1877,Nienow LLC,98857 Linden Court
1878,Schultz-MacGyver,69529 Vidon Plaza
1879,Waelchi, Hegmann and Langworth,52883 Dapin Point
1880,MacGyver, Becker and Barrows,96731 Bartelt Hill
1881,Greenfelder-Robel,2 7th Junction
1882,Lemke, Russel and Leuschke,6 Evergreen Trail
1883,Reinger-Quitzon,8 Hanover Terrace
1884,Crist-Will,162 Vahlen Terrace
1885,Krajcik, Littel and Watsica,9786 Continental Circle
1886,Runte Inc,4 Sunnyside Trail
1887,McCullough, Metz and Wintheiser,61 Tony Trail
1888,Wilkinson-Borer,8 Clemons Junction
1889,Keeling, Bailey and Grimes,18615 Waubesa Place
1890,Ernser, Kuphal and Hoppe,27271 Eastlawn Crossing
1891,Torphy-Ritchie,85318 Morning Lane
1892,Jaskolski Inc,1 Claremont Parkway
1893,Boehm-Nitzsche,4 Express Park
1894,Glover-Harvey,55 Independence Point
1895,Kirlin LLC,7 Petterle Place
1896,Dickinson-Klein,15083 Weeping Birch Park
1897,Borer, Gorczany and Shanahan,90 Boyd Avenue
1898,Dooley-Olson,4561 Arizona Junction
1899,Jenkins, Pagac and Fadel,745 Magdeline Lane
1900,Gottlieb, Gulgowski and Padberg,614 Derek Drive
1901,Anderson Inc,6728 Bay Center
1902,Shields-Casper,24813 Bashford Plaza
1903,O'Hara, Shanahan and Tremblay,35927 Hudson Pass
1904,Gerlach Inc,39426 Lerdahl Place
1905,Gleason, Becker and Mosciski,72531 Dawn Street
1906,Langworth Group,5 Grover Pass
1907,Jaskolski-Barton,2842 Beilfuss Drive
1908,Mante-Jacobs,4 Prentice Alley
1909,McCullough Group,15 Forest Dale Drive
1910,Kunze, Volkman and Crooks,25513 Grover Circle
1911,Pouros-D'Amore,811 Magdeline Terrace
1912,Beatty Inc,13251 Brentwood Drive
1913,Bosco, D'Amore and Kemmer,4 Colorado Crossing
1914,Johnston Group,692 Sage Terrace
1915,Schmidt, Mitchell and Metz,6713 Pawling Road
1916,Ritchie-King,48411 Artisan Avenue
1917,Shields-Schneider,967 Saint Paul Plaza
1918,Schimmel-Kreiger,641 Fremont Point
1919,Wintheiser-Conn,14439 Armistice Road
1920,Halvorson-Hills,0760 Arizona Plaza
1921,Runolfsdottir-Collins,2 Jay Junction
1922,Waelchi and Sons,0047 Sugar Court
1923,Pfannerstill-Cronin,9 Mayfield Point
1924,Shields, Klocko and Casper,586 Eliot Hill
1925,Aufderhar, Mann and Bednar,41 Bonner Alley
1926,Macejkovic-Lynch,72600 Southridge Parkway
1927,Nolan and Sons,3273 Cordelia Alley
1928,Romaguera and Sons,2 Grasskamp Trail
1929,Stokes Group,736 Scott Drive
1930,Batz and Sons,47 Spenser Court
1931,Gleichner-Rodriguez,5 Aberg Circle
1932,VonRueden, Ruecker and Sauer,700 Clemons Plaza
1933,Hand, Predovic and Kreiger,2547 Eastlawn Junction
1934,Trantow-Lindgren,3 Old Shore Place
1935,Satterfield LLC,3 Westridge Junction
1936,McKenzie-Thiel,44406 Red Cloud Trail
1937,Leannon, Klein and Schinner,9 Scott Hill
1938,Hermiston, Jakubowski and Keebler,79 Monument Alley
1939,Schiller-Hudson,3 Lerdahl Park
1940,Schoen, Hackett and Sipes,54977 Northport Point
1941,Kuphal and Sons,93 4th Pass
1942,MacGyver, McDermott and Dickinson,63 Carberry Center
1943,Borer, Pfannerstill and Hudson,43 Riverside Circle
1944,Rippin-Miller,04 Glendale Center
1945,Hettinger, Waters and Gleason,547 Northwestern Drive
1946,Ferry and Sons,84198 Memorial Avenue
1947,McCullough, Ferry and Lynch,6459 Hooker Terrace
1948,Kub-Parker,30753 Kenwood Alley
1949,Feeney-Pollich,452 Dunning Avenue
1950,Batz Inc,76130 Monterey Avenue
1951,Towne-Green,82 Milwaukee Trail
1952,Russel-Pacocha,83176 Derek Parkway
1953,Heaney and Sons,72 Independence Road
1954,Quitzon and Sons,16948 Burrows Trail
1955,Padberg-Kub,3 Thierer Crossing
1956,Sanford, Bednar and Runolfsson,0 Stoughton Hill
1957,Wiegand Group,8841 Towne Lane
1958,Schowalter-Kling,323 Hoard Center
1959,Beier Inc,5 Lawn Lane
1960,Cummerata-Leffler,249 Dakota Street
1961,McKenzie Group,46780 Gerald Pass
1962,Schmeler LLC,629 Luster Court
1963,Effertz-Sipes,625 Eagle Crest Circle
1964,Funk-Schmidt,60635 Schiller Hill
1965,DuBuque-O'Connell,3 Dunning Point
1966,Kemmer-Bechtelar,708 Scott Parkway
1967,Welch-Bayer,84754 Carey Way
1968,Fadel LLC,47549 Sunnyside Plaza
1969,Lubowitz-Farrell,30 Holy Cross Trail
1970,Bradtke, Rempel and Vandervort,4084 Dunning Avenue
1971,Botsford LLC,77849 Jay Crossing
1972,Pfeffer-Dickinson,07 Fairview Junction
1973,Langworth-Osinski,309 Graceland Terrace
1974,Heaney and Sons,21589 Lakeland Trail
1975,Homenick-Schinner,0221 Springview Crossing
1976,Ondricka, Weissnat and Bogan,24779 Mosinee Alley
1977,Murray Inc,15 Meadow Vale Place
1978,Wiegand and Sons,246 8th Pass
1979,Schmeler, Ortiz and Borer,48 Crowley Drive
1980,Donnelly Inc,53378 Dexter Drive
1981,Jast-Johns,4220 Di Loreto Point
1982,Hahn-Collins,5919 Little Fleur Pass
1983,Stroman-Feeney,8082 Maryland Place
1984,Stanton, Haley and Koelpin,577 Sugar Alley
1985,Rice and Sons,13 Mariners Cove Point
1986,Hyatt, Erdman and Hauck,46 Kings Lane
1987,O'Conner, Hartmann and Kiehn,908 Barby Hill
1988,Mann Inc,37651 Riverside Hill
1989,Quigley and Sons,806 Starling Street
1990,Swift Inc,70 Caliangt Crossing
1991,Fadel, Beier and Cronin,4959 Brickson Park Lane
1992,Zulauf LLC,7 Ryan Point
1993,Zemlak Inc,7 Nancy Trail
1994,West LLC,58088 Sauthoff Parkway
1995,Stracke-Dooley,47467 Eagan Point
1996,Boyle Inc,43085 Parkside Trail
1997,Kuvalis LLC,403 Westridge Park
1998,Lueilwitz Inc,47032 Mayer Point
1999,Christiansen-Little,78646 Bashford Terrace
2000,Block, Powlowski and Weimann,3 Hintze Pass
