id,uporabnisko_ime,geslo,vloga
1,hmcmurty0,xGjF5JW2Rqfy,igralec
2,movitz1,2dNtonV0W,igralec
3,dapplin2,9y4jy8Q8ne2P,igralec
4,vharrisson3,DqvEoCBcAP,igralec
5,wrackham4,0YGXY7K,igralec
6,dsimonelli5,DmQE2ns,igralec
7,agoulding6,2V5tSItVJi5x,igralec
8,egallgher7,z0i9qm,igralec
9,jpinkerton8,Wlp3qZnJXM8f,igralec
10,myukhov9,0JCWJBm7UJ,igralec
11,swoltmana,ZQnuEEdgZm,igralec
12,mbarckb,29WHqvNOTL,igralec
13,caddenbrookec,qwfk9J,igralec
14,aaliboned,uPcuXG0Vk,igralec
15,lsidlee,oBqblclHL49A,igralec
16,qbeateyf,gssGTw,igralec
17,cphinnisg,Nf4nRLFlRgR,igralec
18,easpitalh,bbOPiMbw,igralec
19,tstathori,yuaMXuoXO1nz,igralec
20,mbellewj,l58j0X5Tr,igralec
21,lcashamk,UaGIfNOXf70,igralec
22,ssnoxalll,oCxl5pKhYghg,igralec
23,jdockerm,0xN4Oi,igralec
24,tawtonn,EiexEg,igralec
25,kwetheyo,kiBO4veq,igralec
26,cbernaldop,TmxBx5,igralec
27,dscroggsq,bgzplvC4,igralec
28,mmontelr,0Comcc9,igralec
29,caldwicks,laQexcWpuXf,igralec
30,aschmuhlt,D469l0G,igralec
31,randrioniu,kvJOth6fqM,igralec
32,laggusv,h6q8EkMb,igralec
33,lflavertyw,F7EPZECV,igralec
34,rcornessx,gh72BdxTgE,igralec
35,gjustuny,lb7gTr0NZ,igralec
36,bgarrz,qKgLChU,igralec
37,dpeplow10,KD6jmyfho,igralec
38,lmedling11,8iXh6VK7idp,igralec
39,kcapehorn12,RldDDfsem43T,igralec
40,cmaruszewski13,CvcoDQzJbASz,igralec
41,aebdin14,xSkhxBdy,igralec
42,mgiacomi15,XKGoddmFNwi7,igralec
43,lbatterham16,308TlT3,igralec
44,wgiffard17,vmhaji9,igralec
45,fdoe18,sKf9vs,igralec
46,rricciardi19,svErYB8YS0QJ,igralec
47,trubega1a,nKgpLIAv8WZ7,igralec
48,ttwiddle1b,dCR2rj,igralec
49,ajury1c,90LUkHIppL,igralec
50,vbraunds1d,Vn8izn,igralec
51,dtidridge1e,PBHOYZqUEG,igralec
52,rfenn1f,4pcXnt,igralec
53,creimer1g,HdfzTE,igralec
54,scombes1h,Bs6lKxk8z0PA,igralec
55,egladhill1i,5oDzX4g,igralec
56,ksketchley1j,hWUAIhhibn,igralec
57,sclemmens1k,2VaveXuj,igralec
58,mcockburn1l,MKNUWlTjPs,igralec
59,lcoal1m,LhP5KVXHsoqZ,igralec
60,jmaccumeskey1n,MzSXLBk,igralec
61,fmcclinton1o,vqKRtf1Zvs,igralec
62,wscrigmour1p,Y0XA7pcVL,igralec
63,wgillebert1q,Zj8WTp8zpq,igralec
64,aemmett1r,1760CB,igralec
65,mborman1s,pSRFezBAVV,igralec
66,swethered1t,9ERRa2a,igralec
67,gpottiphar1u,K0WG0MFA,igralec
68,gkemston1v,6LCn2Rpkgb,igralec
69,gbetjeman1w,XDhEuf,igralec
70,lreaper1x,mLWeVkWhjj9g,igralec
71,tslixby1y,vTUKFrp,igralec
72,tlitherland1z,D1icSR,igralec
73,gkornilov20,yS7C5FdvzM,igralec
74,cluc21,IlxlF7aFIn,igralec
75,ftonsley22,RaD5ybfpZ,igralec
76,dfishbourne23,fCiQocIm,igralec
77,cdewes24,YmXADB,igralec
78,bbethel25,Ly0j6CGY,igralec
79,mhought26,raQGFNtZ1,igralec
80,skuhn27,tBPjVl2gK2,igralec
81,kdron28,2eSUU2pJzBGj,igralec
82,kshaudfurth29,BHGOUnK9X5K,igralec
83,gkarchowski2a,zIFBln,igralec
84,cgorhardt2b,tjBu1bY,igralec
85,pniccols2c,Ge4qun04m,igralec
86,lboyde2d,6PFkKttu,igralec
87,lstovin2e,nC4w75,igralec
88,mmatchett2f,g1zybSM,igralec
89,tgiraudou2g,v4jMoM,igralec
90,kketcher2h,G3jKMsxjrmZw,igralec
91,edempster2i,OSECYS2TDq,igralec
92,ashanklin2j,i9vGD7bkWT,igralec
93,mkeggins2k,p9iw0zm7Y,igralec
94,aorniz2l,Mkc2Iv,igralec
95,rgeary2m,tf0d6oV7uO,igralec
96,eclinkard2n,JRpbtUU,igralec
97,hrookeby2o,1HuXvxC,igralec
98,dkinnerley2p,jC2mNwGKq,igralec
99,rpoag2q,RicaGiXA3rDz,igralec
100,mantao2r,lQOFDr,igralec
101,ominithorpe2s,hDJrE0QZ5c0E,igralec
102,bfreer2t,2EyZjKwp7Lz7,igralec
103,aduester2u,wUcdwtgrq,igralec
104,bgregson2v,2TzlIe4,igralec
105,ahehir2w,JzcJhoB,igralec
106,ethorneloe2x,gQyls0,igralec
107,bclarycott2y,21lr1T,igralec
108,mmacdearmid2z,GuGECybE,igralec
109,ahaydney30,a4dGhMDjiCx,igralec
110,gbrasseur31,Jm86XZYFk,igralec
111,dbrittan32,DSP64qFqQe,igralec
112,gorowane33,lvwWdHorqBc,igralec
113,dtowndrow34,Y1x9mA,igralec
114,mganter35,R7KaYQsj,igralec
115,fgiovannazzi36,TSeFb5l,igralec
116,dchaudron37,cyM9vq,igralec
117,aleuty38,S7MEtXIgtIx,igralec
118,lbartoli39,r8gDFUluVfW,igralec
119,neldredge3a,tStv79wwFOX,igralec
120,cdurnall3b,lCxJBtS2,igralec
121,tabdee3c,LQBgh6dhsv,igralec
122,cvigers3d,viXsqm,igralec
123,bitzcak3e,Xh1sJkS,igralec
124,cwhoolehan3f,DShfKBwu,igralec
125,cminci3g,XXCrtYLkNb,igralec
126,yszantho3h,ySLduKHIp,igralec
127,wdebruijn3i,LzlW70dw,igralec
128,bsiemantel3j,THDfnvOYX0oP,igralec
129,swalch3k,tSL6Sje,igralec
130,adudhill3l,m4wCSr4aB9,igralec
131,bfarady3m,FoAPlR,igralec
132,tgrattan3n,3R7Qne,igralec
133,ccharteris3o,ZtEWXrGN5g,igralec
134,baloshkin3p,oXfydEHLYj,igralec
135,rparlor3q,3iDaH81wDeBu,igralec
136,ibuttery3r,pbNyc9,igralec
137,jminchenton3s,1EYgs665xrS,igralec
138,eespinazo3t,jBMPkR0b7r3,igralec
139,vdawtry3u,Qppm8ZQOvOp,igralec
140,dleet3v,VxTUAhBKcG,igralec
141,bbackes3w,K4IvImA4eO8,igralec
142,sfendley3x,Pew0L1ItIyW,igralec
143,splet3y,cILviH,igralec
144,akilgallen3z,63HoWa,igralec
145,epirouet40,ZhqkMip6S2,igralec
146,nlaxtonne41,cr6Hdm3CDI,igralec
147,jgadman42,WgQYIq,igralec
148,wcrowthe43,KQHt6n,igralec
149,rmorrant44,Mi9e7g,igralec
150,cmerit45,Oj4lz4X,igralec
151,gspragge46,ifAX5lQ,igralec
152,gperring47,ejGRunPy,igralec
153,lspenley48,dDPIos4cUN,igralec
154,cdowns49,Xee9wA100,igralec
155,bburder4a,1Mh2WSe6,igralec
156,mgillbey4b,v11iHq,igralec
157,gsummerson4c,SOZMvEGaV,igralec
158,flush4d,Y6BHBs,igralec
159,mbonafacino4e,fNxYNYK1cl,igralec
160,rswancock4f,sa5qg6z1BC,igralec
161,aspencook4g,T31iZ1,igralec
162,gpeters4h,ezNXyqjmE9j,igralec
163,gdeavenell4i,snJBAfosZev,igralec
164,rgager4j,fHuxGIv1,igralec
165,gclear4k,hVB5heCzDuPl,igralec
166,dgirdler4l,aEEF5hq2Tg7M,igralec
167,hsentinella4m,gElXLLlJN,igralec
168,apenas4n,keMfgj,igralec
169,amingo4o,wnV3l8VEc,igralec
170,gdepport4p,N5Ru0mBSmvY,igralec
171,isarjeant4q,Z1MQbIVWvt,igralec
172,spaddon4r,WnSrD9TANJAV,igralec
173,ltebbutt4s,luBFF6eKVqb,igralec
174,fdalgety4t,Ew7WEDIB2sRh,igralec
175,kkubicka4u,Kv5z07P,igralec
176,jbusain4v,W0ju9vkWk8S,igralec
177,oshepcutt4w,8pHQB1JBtI,igralec
178,bcargen4x,WTAoIl,igralec
179,ablundel4y,Tr7yLEpTHQBV,igralec
180,zyannikov4z,uBoORclXrS,igralec
181,khalms50,HOQacwF,igralec
182,awigley51,JefAXLS5ZF7,igralec
183,cbarnbrook52,UXcIwnezeD,igralec
184,keddow53,8kBXD9,igralec
185,hvala54,b4CKOVf1U,igralec
186,jquelch55,LJyr5pcbug,igralec
187,cfraine56,9jk4COFIzw,igralec
188,ugrut57,w7IYcgNF3k,igralec
189,slimer58,UJNSh1,igralec
190,ldicarlo59,h4h1vLJyjA,igralec
191,whofner5a,tY7qBB,igralec
192,abearfoot5b,yvDtoYie,igralec
193,mdyet5c,2m3FnwhO9,igralec
194,rberston5d,Jtw0lh1,igralec
195,bucceli5e,rJg4tndldIQz,igralec
196,tspadotto5f,2xDiCS,igralec
197,bbrowse5g,QSiAChW60A,igralec
198,bgulliver5h,9IkV8xGK,igralec
199,mmayow5i,Hs4zJm1xADw,igralec
200,gsamsonsen5j,ivcbQ9vhwyA8,igralec
201,bjonas5k,tGLIAbPMCy,igralec
202,cpoad5l,vr6BqoLG,igralec
203,mdarbey5m,zd9cNcJV,igralec
204,ltoppas5n,cLI4tkylpv8M,igralec
205,ngeraud5o,EmzYvIqk,igralec
206,sborghese5p,lBloEyqmEP,igralec
207,hwilbore5q,9cWKhz,igralec
208,aeccles5r,FvpGMeHQbA,igralec
209,ogarbutt5s,snlYG3,igralec
210,lheffron5t,BABgf2rkbo15,igralec
211,emenault5u,h6hgVz4PX,igralec
212,cberresford5v,9iKUH4KA,igralec
213,sslater5w,HS9pnRWep,igralec
214,fmckinna5x,ot8zasepeetd,igralec
215,wdevoiels5y,8YHUMF,igralec
216,ecasotti5z,2jV5iHOl,igralec
217,lboumphrey60,BsQcd53iWF,igralec
218,cwaind61,f35s7iTanB,igralec
219,myanyushkin62,fhzEyLjH,igralec
220,wmuzzall63,6424BRV,igralec
221,mcumber64,HgFZN0K76,igralec
222,mroofe65,dgCtpFU,igralec
223,lcrass66,LR3X4af,igralec
224,ladicot67,lpfj3B,igralec
225,dcosker68,CO2zOuya,igralec
226,adutton69,vXgSMtDXYtlZ,igralec
227,eakhurst6a,yZsaQqRI,igralec
228,cpeirpoint6b,TMGStNQK4y,igralec
229,hlansdowne6c,uTljQWl8g2u,igralec
230,belwood6d,pcK4Ojhc2,igralec
231,jkerner6e,zPN2DrK1LU,igralec
232,dbriddle6f,7iCN1jMERH,igralec
233,bbigrigg6g,SIopwbmSh5,igralec
234,dwaggett6h,ZdGT0iWcIL,igralec
235,cderle6i,WKKGxc,igralec
236,deverson6j,aJrIKShnC,igralec
237,gdebenedictis6k,tH1imaFup1Cg,igralec
238,gjeaffreson6l,7dAZK0ZkUD3,igralec
239,pdicte6m,n5N5ILc6V63Z,igralec
240,bboerder6n,1eeYcg0Cdz7,igralec
241,tshower6o,Ozu1OC,igralec
242,bmcdoual6p,IF2MgLUA,igralec
243,klafee6q,Gmj7wqu,igralec
244,eolander6r,zGdCqJIJOp,igralec
245,llovejoy6s,XEhYiiYtR66,igralec
246,rfulger6t,33en9ceo,igralec
247,smolineaux6u,9K28Ps,igralec
248,adaborn6v,Gzrr4jDvde,igralec
249,bbridgett6w,uRylKAX6Q0i,igralec
250,ebenda6x,B5sYLcWOpC,igralec
251,ahove6y,cDul5bLTCSIP,igralec
252,gatkins6z,ykuaQ3KMtH,igralec
253,tstorrar70,BGXaoDkZ1Q9l,igralec
254,vjenteau71,e01YN9,igralec
255,drupert72,SKfgZGx5c,igralec
256,dlauridsen73,9kbqGfwYmB,igralec
257,ccomins74,sLUIqsHj,igralec
258,cdight75,uolqWVaz,igralec
259,pdemcak76,wAJjNtx6A,igralec
260,egniewosz77,g12aGLLlb7t,igralec
261,mchin78,V2VFtc,igralec
262,raleksidze79,qkfOwKJ,igralec
263,ipaschke7a,f8KuKIH2H,igralec
264,talans7b,lM9KHJSfVvu,igralec
265,sclipston7c,3KOqvb7,igralec
266,savo7d,l8kcsM5reG,igralec
267,rprecious7e,xnK8yqcnl7,igralec
268,jsackey7f,QqJA7RG9,igralec
269,hshalcros7g,8PHFEoeZ,igralec
270,mskarman7h,uj1NGnCr,igralec
271,mcroxford7i,V1RjCT,igralec
272,nolerenshaw7j,5Jw1qvx8,igralec
273,dmcilmorie7k,oWvwow6nkZT,igralec
274,ncritchlow7l,w1FRv7NharCQ,igralec
275,lfynn7m,RoHQZBcEaC,igralec
276,gbarnsdale7n,g4EgyLmeE5O,igralec
277,ghanrott7o,PgtHhhit,igralec
278,betoile7p,mlwX9TTMA9,igralec
279,rdrogan7q,3iTd8w,igralec
280,bandrin7r,Mx0dUDNI,igralec
281,lschultes7s,J1Wz7jKXQ,igralec
282,akinnar7t,8JJ3akJ,igralec
283,sbertelsen7u,O9CeuuWL305j,igralec
284,hsarjeant7v,J1ZveEz,igralec
285,emaides7w,UhMHPZpvxH,igralec
286,psimkiss7x,E5STVPHNib,igralec
287,egloucester7y,iFesKERit,igralec
288,gpickhaver7z,pKeFbPQsZie,igralec
289,adubber80,u0OjvYCZVgo3,igralec
290,srobart81,gNlKcSCV,igralec
291,zforre82,NvT6Vjf,igralec
292,jlind83,dZafME,igralec
293,zhafner84,hOzVHDUr5,igralec
294,pverma85,GAOvh7Wqj,igralec
295,dburley86,q3zqb5mET,igralec
296,thargreves87,iw3hzFZHwJ,igralec
297,ctrippick88,ZBtAPcJq,igralec
298,nhuntriss89,Sn4lk7,igralec
299,spavlenkov8a,EeRRWY3tyAG,igralec
300,awallentin8b,aZxQqGglJyf,igralec
301,mcorbally8c,IHomaC,igralec
302,rmacanulty8d,MVCiNhTKa,igralec
303,ftalboy8e,UxXVeDRE,igralec
304,malessandretti8f,N8bGQ8yo,igralec
305,bgilbody8g,elXkhb9F0ak,igralec
306,ifronczak8h,I9QLbahSI1p,igralec
307,bmccane8i,WgU7fNB,igralec
308,holiveras8j,xwmES2v5,igralec
309,mgollop8k,gXjtDwN,igralec
310,tflinn8l,SFvPcI1lY7,igralec
311,ggoudard8m,DHEaeKz8y,igralec
312,dchattell8n,vZMCkYv87,igralec
313,cperigo8o,zpDwPIt28Z6U,igralec
314,odavydochkin8p,Bk67TkJG,igralec
315,mharwin8q,Yv0jSoozWcn,igralec
316,rbresner8r,lLNiCS6YppW,igralec
317,rconing8s,OQpzIFqynG,igralec
318,ktwoohy8t,WzoF4Eiy2H,igralec
319,mcooke8u,q17qHIf,igralec
320,edeblasio8v,etyI4x,igralec
321,locahey8w,I2tfye,igralec
322,dmeneux8x,OTpZjyX,igralec
323,ekarolczyk8y,g1iOs1T7s9dw,igralec
324,edearness8z,gYEjYs4ml,igralec
325,kbrandhardy90,6xu05I,igralec
326,ywelham91,dC1S2x,igralec
327,ccarwithen92,jLZEuAfh6AF,igralec
328,ckerner93,Vd00qaX,igralec
329,lfleming94,WBvalX,igralec
330,shinnerk95,x90xDDx360,igralec
331,aromi96,jRt6yNhcydUm,igralec
332,atidgewell97,TIligGE,igralec
333,kburrel98,1Gmrbbr9Xi,igralec
334,scathrae99,DY33liGVNz,igralec
335,gvanyakin9a,YWSAi5jPtct,igralec
336,ibaggott9b,5K9OhzQcvz,igralec
337,jkenton9c,Hxlcl3Wk0I,igralec
338,mkissock9d,uOljXNXRq,igralec
339,rmuck9e,F4LHXjG,igralec
340,tsarle9f,eOfmU9YSVsf,igralec
341,rmazdon9g,rhK2vFTMGI,igralec
342,sklehyn9h,EcJBTopfVJoi,igralec
343,ihesser9i,aDlBfzf7zTN,igralec
344,gfreer9j,NcdHHrqQ,igralec
345,llewsy9k,pRBCEknJ,igralec
346,hvize9l,oRz9SmxSjf,igralec
347,ntrunkfield9m,anyKYIpzTM,igralec
348,mbrunelli9n,VQfhBbSC,igralec
349,nlamey9o,bIQjKHUt8g2,igralec
350,bcloney9p,Rg0arLljYZ6,igralec
351,jgeorgot9q,cpyeQRMJz5,igralec
352,bcreany9r,2GBvvJrc,igralec
353,telwood9s,d4x8lm,igralec
354,tpughsley9t,I8c0onuWxG,igralec
355,mthumann9u,0qhdui,igralec
356,dteas9v,9NLijWhFHc,igralec
357,brenouf9w,aHqg56JBL,igralec
358,smeers9x,WKpelkjBRc8,igralec
359,pbaudoux9y,buVip6,igralec
360,dwalaron9z,jD67I7rJ,igralec
361,fboulesa0,2Z0jy9OD,igralec
362,sraubheima1,l7ScaB4THP,igralec
363,zpawfoota2,yGCk9tc0UT,igralec
364,hmacklina3,paITMOu3I6Z,igralec
365,acoylea4,B3VMzK90KHBI,igralec
366,wcrafta5,zpCErwl,igralec
367,dbiseta6,lGmxQqg,igralec
368,gmerricksa7,eVEKN86s,igralec
369,bdranfielda8,F7rXwnl,igralec
370,nsimkinsa9,ChjULqR,igralec
371,bbuddockaa,TyNjpsffll,igralec
372,ajeandeauab,s33ti7,igralec
373,jleblancac,CX8GqnqlzWzn,igralec
374,fmacfaellad,wfk0Lw1,igralec
375,jbleackleyae,RN7PU6gBy,igralec
376,ainkinaf,Dlwwp0tyNhf,igralec
377,ajesselag,RnpvgU0s,igralec
378,ohitzmannah,DbYJ3W,igralec
379,mroastai,zEW25ku37W,igralec
380,sdencsaj,FRuT4UnuVZ,igralec
381,vbakewellak,J7LLvsq,igralec
382,whestropal,9arecKN1sU,igralec
383,klittlecoteam,frJnuSd,igralec
384,brevillean,aCUzP6IWN1RM,igralec
385,bmckeowonao,gW5dTV,igralec
386,llockeyap,2WUhVhLt,igralec
387,bcableaq,WfRWJvksTbgv,igralec
388,cbrearar,V5Q7Tgw0VVz,igralec
389,gpalesas,dNLmkZYeG,igralec
390,tmidghallat,lFwcv2jnZ,igralec
391,rmartineau,9lw9TavL2i,igralec
392,abonnetav,bV8kjND,igralec
393,nshufflebothamaw,xu8VPYfwb86,igralec
394,swynterax,SJjLmJEEuwx,igralec
395,ldrohunay,eGcCo2N3wILe,igralec
396,jmccullumaz,KdKOeG,igralec
397,egoulborneb0,Ynhw7maknms,igralec
398,lbellefonteb1,euZVcgY,igralec
399,mskydallb2,3ygNwVAEg,igralec
400,nnailb3,BNyiuew,igralec
401,thalsonb4,uGGECojM2rc,igralec
402,nbarclayb5,SlqDvjjC,igralec
403,ccornhillb6,8JV1JFGyG,igralec
404,aashleighb7,gnTYRskpbi,igralec
405,ofarfootb8,wWWZYMoLx,igralec
406,rcocherb9,zqKFsvNi,igralec
407,scornockba,tnoNfRVLPiz,igralec
408,sbruslebb,AGYvvPtDGQ,igralec
409,fivanuschkabc,0b8X62fdgP,igralec
410,clandrieubd,IhhU9IN,igralec
411,dcordybe,FxEqDlDO,igralec
412,kgarnambf,YshUfjP,igralec
413,msevillebg,zwAQvOtU6t64,igralec
414,kmembrybh,OhkZTtyN,igralec
415,jpentonybi,P2eRZYVwMq,igralec
416,nbruffbj,aJomoNpBL,igralec
417,bkiliusbk,fNnYsGZo,igralec
418,vmasserbl,uhoe3mYI,igralec
419,lcannavanbm,BG8sBi9TuAN,igralec
420,tertelbn,FCpOXShzDoU,igralec
421,egrillsbo,jdpFQD,igralec
422,agehringerbp,dzUcMVlMCqy,igralec
423,rluckhurstbq,FglX7R2W,igralec
424,asootsbr,8Ukv7k9,igralec
425,lhounsombs,YTUXb6Ib1aOm,igralec
426,lkenderdinebt,mMQIZR8GGTh8,igralec
427,rpatshullbu,u0k07v2vV,igralec
428,mburrellbv,okq7iR,igralec
429,espilsburiebw,STYazssTfMp,igralec
430,qthowbx,rkckAYce3,igralec
431,kbindingby,BDFJeyPa8,igralec
432,gtoffelbz,vZhZaG,igralec
433,cmeertc0,Khatutpe1,igralec
434,hputtenc1,afW9GmyRRh2H,igralec
435,fhowellc2,46RyqUlomew,igralec
436,rhurichec3,58hdYgZAg8j5,igralec
437,aketchellc4,xNMOXeKh,igralec
438,roseltonc5,BbJ69dfxv,igralec
439,rmyallc6,eW8sLO,igralec
440,olattyc7,Vk2SjbL5,igralec
441,asallissc8,BgnQwcGY,igralec
442,byallowleyc9,cT5nREu8R,igralec
443,fkillingbackca,3zf6wcHLO7,igralec
444,cdurocb,1EojPhz7Xp,igralec
445,cmitrocc,GirqodS6i,igralec
446,mtirecd,VIGcCYqeedwq,igralec
447,wriccioppoce,Ls2BWM,igralec
448,alehemanncf,JEJWXx90QcP,igralec
449,dmcnirlancg,GJ8u6FKDm9,igralec
450,seayrsch,JMdHmB9JHP,igralec
451,bhansleyci,ZG857igyONti,igralec
452,ihuotcj,3VMGO0Ev,igralec
453,psivilck,6AKUfH8Ma,igralec
454,abegincl,sEnmzJZsuUx,igralec
455,gmarkoscm,rnVJa6lRcKWl,igralec
456,amyhancn,MST7RYfg,igralec
457,eteasdalemarkieco,hr1CXyMG,igralec
458,fbladecp,glmhZbUkveB,igralec
459,jstrowlgercq,z9cgnG7ugN,igralec
460,tedsallcr,lBql3N3T,igralec
461,rtellenbachcs,23nuJpiB8naj,igralec
462,htilliardsct,arSp6WzsYXO,igralec
463,cgillicuddycu,7dKB8k,igralec
464,kduffieldcv,5etL4KlpuwkO,igralec
465,gwolfindalecw,Gqt2UmjrOUZ,igralec
466,wsedgmancx,VT6dtsteC,igralec
467,tditchcy,la3z3LUgj,igralec
468,bwindibankcz,XGmyg9ZAW,igralec
469,dlowthiand0,0eXllp2,igralec
470,aburwind1,rlbN4CGHEwR,igralec
471,bmacandied2,SfEDayrd,igralec
472,sthomassetd3,uHtsGNXNkp,igralec
473,sgrishagind4,ij893FXv05,igralec
474,aisacked5,GBOFBN,igralec
475,pepined6,ucaX3LcvlfiP,igralec
476,lstanderingd7,3FI2xkk80G,igralec
477,pparbrookd8,5692BeN,igralec
478,nmerietd9,D2An8UrQU,igralec
479,jbenadetteda,bpLzfrU6t,igralec
480,mdundridgedb,6v1pSQLab7bS,igralec
481,kredpathdc,Cyi9OS3seoUl,igralec
482,fmckimdd,iywwu5WxG3uX,igralec
483,vmcfiede,x0zARg,igralec
484,fphettedf,CtEZsEBgQ,igralec
485,fmeekindg,IxnX0nsZub,igralec
486,emeadwaydh,SDMcsk,igralec
487,dlightwingdi,ukzZLv,igralec
488,nrutgersdj,LSTdls,igralec
489,aclemmensendk,ejg5rvHr0Pn,igralec
490,ywoodrowdl,yZW2cIel,igralec
491,dclutramdm,oa22J5Q,igralec
492,nbeldomdn,ECqDgaE,igralec
493,jpritcharddo,TQm5z4dlV0Hs,igralec
494,cpendlentondp,ifOlBb,igralec
495,pgronallerdq,C8fehNEFVMpT,igralec
496,frussidr,PKtTfvK5LMbW,igralec
497,hsmitherds,oYJIJ2Ebc0,igralec
498,fwardhoughdt,ZItu86P,igralec
499,qshovelbottomdu,eI4ANmjth,igralec
500,qskottledv,x9SgHEMi,igralec
501,hkielydw,khaGwoIF,igralec
502,mfrostickdx,oEJwOD,igralec
503,isellanddy,cmsXBvOl,igralec
504,wschrievesdz,bayl80x,igralec
505,ksuttlinge0,uSPGqNwsqqcI,igralec
506,epalaye1,DxoRMig,igralec
507,ldigane2,wrcQCGk5a,igralec
508,gapfelmanne3,vWaWLjFfe5d,igralec
509,mstarckse4,QCZY4s,igralec
510,cyounge5,UJ8ftFs0,igralec
511,rpresideye6,OYQAZZCvB,igralec
512,gtownbye7,AWYrs63,igralec
513,zeilhermanne8,zED8WQ,igralec
514,bfernihoughe9,a2CUf278n,igralec
515,mvillaea,DHoBDjrGXWO,igralec
516,ctownseb,LNQvDSUU,igralec
517,sickeringillec,K2vOAA,igralec
518,kriddetted,kjFUJA,igralec
519,aboldraee,mGdawB,igralec
520,jfotittef,eTS9xdphC0t,igralec
521,glabroeg,3CYva6E,igralec
522,mpemberyeh,rqKWTq,igralec
523,wscrimgeourei,koOHPC56NVr9,igralec
524,ssmardonej,yZoO1V,igralec
525,cskiggsek,eT2FpaEfJNdP,igralec
526,cmcmurrayael,L5Wn0vvhfR1,igralec
527,gvanrembrandtem,spSrfWJfZ,igralec
528,toldmanen,nt9VJBN,igralec
529,jgundryeo,AHlb2dKTs5,igralec
530,wnairnsep,p7Smwj,igralec
531,nstouteeq,BphzsGHEQaa,igralec
532,tcurryer,lNDEd2SOJ,igralec
533,dfaldoes,VHyzMpI,igralec
534,jlaethamet,2FNtbP477A,igralec
535,cshackleeu,xlOuF7JNt8yX,igralec
536,mmarietev,ZtohUSCxZPT,igralec
537,rmennellew,f0nWSsSA4,igralec
538,chargraveex,2Y0q97,igralec
539,lvedmoreey,xloBwja7,igralec
540,bcombenez,rFRLWOis,igralec
541,cwigfieldf0,6Y0XYYIc,igralec
542,awarhurstf1,D2k7S19yx9G3,igralec
543,gcapsf2,8aP55MY19,igralec
544,bsilwoodf3,uEWfaSl,igralec
545,apeartf4,nvCDIg4R5n8,igralec
546,ehuguetf5,bEPdBS,igralec
547,hewersf6,lrHCSb1IjO,igralec
548,dbortolussif7,NJOlxVC,igralec
549,aalphonsof8,Gt1yXzLB4,igralec
550,bjaegarf9,rfdMseio,igralec
551,hdainefa,4C8yos,igralec
552,jmolesworthfb,nJGWy8QP,igralec
553,dduligalfc,PRCCjfY,igralec
554,rgabbfd,LSmZF6IPog,igralec
555,mgronowefe,FqmAiIbN,igralec
556,ncaminff,iPMGRr,igralec
557,dladymanfg,NmS8wc,igralec
558,jebbingfh,ykjfvwvoFF2,igralec
559,nrabbittsfi,Ax4bV4zR,igralec
560,khingfj,DIfDaxeNjPdw,igralec
561,cbattaillefk,f1ACxvmqrI,igralec
562,reldrittfl,xktqt4OVbU,igralec
563,khabbenfm,RUdoCO,igralec
564,fbannisterfn,v8cWZyyJqFBZ,igralec
565,bfilipovicfo,7Tjcfm7Jc6w,igralec
566,hfrancombefp,4PDLCq,igralec
567,wgotcliffefq,JI4PE8uBk5Nk,igralec
568,rhullfr,cj4RYeZIsJ,igralec
569,fkinnyfs,Lhs9Dm0NdF,igralec
570,stampenft,PkRgxo0PwJYW,igralec
571,rquickfu,IznLXZ7t41pK,igralec
572,gmarsayfv,dHKoqDAPzH,igralec
573,wbussettifw,KbHlnOO,igralec
574,orenzofx,pvbvsg,igralec
575,efridlingtonfy,EzQNuS,igralec
576,chouseleyfz,ithhj7LZ,igralec
577,emeekinsg0,JWktaIt,igralec
578,kfoxcroftg1,0rRV6cP,igralec
579,jmaylerg2,gMZsa3WTX,igralec
580,sheartyg3,ZNNPE2dc,igralec
581,mleitcheg4,2UCjaOd,igralec
582,gtearleg5,4aXjaUAJt5,igralec
583,wkenneyg6,4rwP3HwKl,igralec
584,kpaddockg7,HSTGJCYY,igralec
585,amackettg8,G8YgMb3,igralec
586,dmachentg9,eCjDRDZY,igralec
587,hohdirscollga,C76dJv,igralec
588,bhenningtongb,qLik5GGW4J,igralec
589,gwaddupgc,mZU24uX,igralec
590,sokennedygd,TzZKQeEH0pU,igralec
591,apringuerge,nTvXjqD56,igralec
592,nwinnistergf,XkjFlZ,igralec
593,ggurnergg,dzy74qItz1RE,igralec
594,oreisingh,vLdUeHRcpT,igralec
595,eklussgi,ErfasnhQyOJ,igralec
596,bthezegj,XUwr5ts,igralec
597,gferreirogk,pAT6u1qb8X3,igralec
598,hbarrickgl,s21Irq3de,igralec
599,mbrislengm,Y5W7FHgoS7,igralec
600,rcourtliffgn,1qNIpNv7r2vr,igralec
601,dforstgo,8vCpgRi6qem,igralec
602,pclashgp,M03wszZy,igralec
603,theasemangq,yxUeeD4Dp2i9,igralec
604,ccrokegr,wmcoZ3,igralec
605,opaulleygs,MWAL71,igralec
606,hclingangt,W77wqPim17Y,igralec
607,tverbeekgu,BGyFy1uk,igralec
608,nkulasgv,vdVJJJee0JG,igralec
609,mgreatbachgw,oJsKVfpCXYf,igralec
610,ekenealygx,MyTMFk43GJ,igralec
611,ovanderdaalgy,r8h2PqeJu,igralec
612,ablaszczakgz,iK5AgSOvT,igralec
613,pwolferh0,X8SkEOpT9eoa,igralec
614,fgyfordh1,QrH0zHqUV3IO,igralec
615,trooksbyh2,6dvXTsSdCJ,igralec
616,mdannielh3,V1gnGL,igralec
617,sgillingh4,DYRmZpPIVT,igralec
618,miffeh5,JhHypuf,igralec
619,dbaistowh6,TUOupPo7G9Jj,igralec
620,rbreenh7,CYzaEiXzs,igralec
621,lfetterplaceh8,Der78Hr7u,igralec
622,bgoodrichh9,x3uREc7xTbjn,igralec
623,lgirvinha,hriUjn2yXCW,igralec
624,mdunbarhb,xmJv8MpHC,igralec
625,jbrolanhc,bSIEf4n,igralec
626,lbalaamhd,75h0Cs,igralec
627,cklemzhe,EvDaAL0H3,igralec
628,jbercevelohf,cJjRi7QBhI,igralec
629,melgoodhg,FvGewcxZXzg,igralec
630,lreckehh,oBJ2tT90VDzU,igralec
631,mtownbyhi,VBOfK4YDM5,igralec
632,jverdiehj,isjneBhtGG,igralec
633,edriscollhk,GifH3K,igralec
634,mtumpanehl,zCt1VTh,igralec
635,cshipleyhm,7mlpsk5uzuO,igralec
636,ktryhornhn,dRan1qKffDf,igralec
637,bminchintonho,viuuvDc,igralec
638,junwinhp,xkRcjSUV,igralec
639,dparishhq,0Mlv5I,igralec
640,ktodarinihr,DBuvGEZPrCc,igralec
641,hdomelawhs,lQz43ThaD,igralec
642,mitzkovskyht,E5elEQ,igralec
643,streadgerhu,DrNvV3418r,igralec
644,lnuttyhv,FQ2zvW,igralec
645,onorvillhw,DD8iU66,igralec
646,ipraterhx,ljxcSpAgaRf,igralec
647,agebbiehy,6Pn3RcNFM,igralec
648,zhanbidgehz,yG1ng6EdSChL,igralec
649,ekingdoni0,C5mJzP2EY,igralec
650,cmcwhorteri1,bokLt7vGAGYy,igralec
651,agarnetti2,MTa3qcaka,igralec
652,lolonei3,nYIxxqOJrK2H,igralec
653,smahonyi4,3txjsPpDi,igralec
654,egreenhaughi5,cR0hbHDSGe,igralec
655,fdougani6,FJh6BsVskys,igralec
656,mblakesleyi7,Mwqmux,igralec
657,apenwrighti8,2A5LEM,igralec
658,obinnyi9,L3zSCOrC,igralec
659,tbecheia,7zdBS49Kw,igralec
660,gyersinib,C4D5uhrVFWB,igralec
661,emarklundic,XB3okq1,igralec
662,skharchinskiid,ZwbxPS93GV1,igralec
663,lvennie,W4NrwGZG0o,igralec
664,dmacgraithif,dZs0HO,igralec
665,iworldig,e0t07ff85,igralec
666,orauprichih,FWrUzTNf8,igralec
667,aeadieii,IvDg93LfOY,igralec
668,jwiersmaij,w6gOzYTOX,igralec
669,dalmakik,ccAtdOC,igralec
670,lmckinnil,F1tRuvCmdUS,igralec
671,mhaslewoodim,MPPiId0JbA,igralec
672,agrindleyin,Qif83G0Xu3,igralec
673,cheatherio,FTJJjWk2jw8,igralec
674,ekilfeatherip,TNzGfYQ9,igralec
675,jalteniq,gQ2G8T,igralec
676,vpauleauir,tR0h4SDC3mfN,igralec
677,csprottis,3YUb1SVeM8G4,igralec
678,iorletonit,IJKfWV,igralec
679,sablewhiteiu,2yBOIu,igralec
680,igreystokeiv,kszVl2GZpKb,igralec
681,bzamboniw,wklGgaDU,igralec
682,podohertyix,EzOtBttCcD,igralec
683,hbaigrieiy,Di3dGZgaT0rI,igralec
684,abrenstoniz,p9gMbgJ6,igralec
685,vclawej0,5yOHRLCsyL,igralec
686,prosenblattj1,tMWYpk31t,igralec
687,tbritonj2,Lh2jvb4sA,igralec
688,mcalfej3,wKpoReJJ3Tv5,igralec
689,adenisevichj4,cuG7LouPhi,igralec
690,bmccolmj5,KVuOL0wM3oNg,igralec
691,lwoolvinj6,6aTmKVIDCi,igralec
692,jchesshirej7,rm94OoJk,igralec
693,nbreukelmanj8,HICHlJehXcRN,igralec
694,bmccutcheonj9,GImJ47fMprty,igralec
695,cmacclenanja,IsNnXEp3P,igralec
696,alegionjb,xEVRUMN0I,igralec
697,cmasdonjc,CvWfyY28Y,igralec
698,ebeekmannjd,HlXZjdDi,igralec
699,cendleyje,5dsxtmzF,igralec
700,pwhitehalljf,Kgsb7yNo,igralec
701,fbrazierjg,lZCkoIy,igralec
702,mrowledgejh,cZH9tHSpG5e0,igralec
703,anareji,2A9eSPBxAfkG,igralec
704,fbowshirejj,FiPtHwwU0z3W,igralec
705,pdustingjk,ng2mOw7bYMd0,igralec
706,rribbensjl,2BHHvJVE33,igralec
707,kickovitzjm,anCKBjRj8eYd,igralec
708,dvardyjn,TIgmI9,igralec
709,ntuckjo,ubvEiTD0A,igralec
710,ayoelljp,dxblLcXoq6g,igralec
711,bhatfieldjq,8EVVSZiN0sjb,igralec
712,sgreenshielsjr,cXD9WQkwzM,igralec
713,htyrerjs,HpNoJHJtP,igralec
714,fdayerjt,DrRM2ZtBB,igralec
715,ltrythallju,gQ6g3GvOXxBd,igralec
716,arignoldjv,025lc3UdkaM,igralec
717,rbroxapjw,6ISBWk,igralec
718,bhingejx,toSsfN3oy0j,igralec
719,ahansonjy,Vw0QCXKL,igralec
720,jjohanningjz,SV4f4VN,igralec
721,sbranchek0,hPY57jSg0hqj,igralec
722,rswyrek1,H52p4n,igralec
723,ggrenkovk2,I1ljJJuJ,igralec
724,edanglk3,j4HEtpJkJC8,igralec
725,apippink4,cTlHqhjcPPc,igralec
726,dmaileyk5,jkqOyl0VC,igralec
727,rgavahank6,Z7GVx7xKz,igralec
728,shellerk7,wGNUFsAT3AS,igralec
729,sroddak8,21onC1mn,igralec
730,cbarmadierk9,Fl2iWA18,igralec
731,mpietrzakka,coQMi2NXD,igralec
732,jyushkinkb,XrfhUASK,igralec
733,biamittiikc,P8KkqtUWTW8,igralec
734,erisomkd,vg7Jn0vR5O,igralec
735,ddimeoke,JNkbvT2xRL,igralec
736,hwidockskf,1ypwdLs9Tu,igralec
737,lmacaleeskg,8CchIY0Z,igralec
738,peilertkh,FAvBus,igralec
739,ncicceraleki,8LDP4r7AMStM,igralec
740,ipookekj,ASDzo5Y3erAn,igralec
741,dbruggenkk,Z8RHhkE,igralec
742,rjoesburykl,AmNnhyK,igralec
743,ojerminkm,WRbZ8kZJNPGt,igralec
744,cmacfadzankn,c8c34n,igralec
745,mrodderko,3mbrta6,igralec
746,dguerinkp,hmbI0pI24,igralec
747,rmickelwrightkq,BbW34a6MHO,igralec
748,byoselevitchkr,5wkqQw,igralec
749,chuygensks,lHwjlrdMg,igralec
750,wprangnellkt,iQDLaIWeo,igralec
751,lsandsku,OLcQmZImC4,igralec
752,ewhitehallkv,C2ateU5,igralec
753,pcumbridgekw,SxJ1ppV,igralec
754,marcasekx,kDDk3Ead,igralec
755,sdoleyky,QQdfjz,igralec
756,epostgatekz,VEY28aP7Y7,igralec
757,slowsonl0,1nA0HRy9o0Q,igralec
758,jgresleyl1,W0i1VCZt,igralec
759,rbaldil2,PuGKzGpFvoR,igralec
760,ctranmerl3,1HGDXe,igralec
761,chempell4,RtNFkPh1M,igralec
762,swarretl5,EitNpBI,igralec
763,bminellil6,DUoEPMI,igralec
764,itrevenl7,RYbSRNKeoTnu,igralec
765,jtrelevanl8,T7D4H9CMw,igralec
766,jbettingtonl9,FB1Llj5D8,igralec
767,vtannla,hPyZG25,igralec
768,nprangnelllb,EF6Lr8tq,igralec
769,kpaskelllc,d7yNs4hJ,igralec
770,vmackeeld,yHBYKDy4WZb,igralec
771,pakastle,3HFbvhb,igralec
772,esherringtonlf,htzDiC9JrDM,igralec
773,thousbeylg,h5iiAbO,igralec
774,alonghornlh,sVACNnfSGJTs,igralec
775,wreddingtonli,vVTy8b,igralec
776,hromanskilj,Wb0IYH,igralec
777,rmathivonlk,s1nFiOW,igralec
778,kplowrightll,W34blNjCPG,igralec
779,sleethemlm,nfCcDevi,igralec
780,scolmanln,yeAh26C2Mc,igralec
781,jodowdlo,FvsGqp,igralec
782,kwardlelp,ykC9iFfgC,igralec
783,mdjokoviclq,HikHFlgM2,igralec
784,vdonizeaulr,LddnngpjN,igralec
785,astrangls,hGOQbZ,igralec
786,rwathanlt,2b2EYq4,igralec
787,ifrancescucciolu,lE9yyM3EOIU,igralec
788,kbarnwillelv,cJVPbAxP2gP,igralec
789,bwardlw,In9VBxMuEMvQ,igralec
790,emargettslx,pue9lXNT2wf,igralec
791,oorganerly,ET4HrT9,igralec
792,cwipperlz,b0OPaJk,igralec
793,rreiglarm0,ZCylv78IBCH,igralec
794,hmccunnm1,AWtXtESU,igralec
795,ghallowsm2,hQVRBJmhdc,igralec
796,apreenem3,ORFIwVNwJJ9,igralec
797,vmacmickanm4,srfj3H2,igralec
798,rsplevinsm5,Iz5bYdu4g,igralec
799,sbengerm6,iYhRdEPBb,igralec
800,galthamm7,y0fjZ84Ss,igralec
801,kbauckhamm8,xUpk8uq,igralec
802,mbrissonm9,n9Kh08N,igralec
803,kluggarma,m4Rrt0o7UhF,igralec
804,fthowesmb,mnOH5TLKRKK5,igralec
805,lbaudichonmc,wzImFPaffgC,igralec
806,jmcsaulmd,mIqYdwd4jhEr,igralec
807,tkattme,JwtZcrq,igralec
808,rhellicarmf,lj9DjpfoN,igralec
809,bwhatlingmg,pXopa9P5,igralec
810,chardwaremh,HGW1cNfo,igralec
811,marmisteadmi,YkSJuJTV,igralec
812,tgingellmj,p6v6wM,igralec
813,seastermk,uSWHbLgIW8,igralec
814,ntraceml,uPgguO8,igralec
815,dklimentyonokmm,z7dNvJ0SgiG,igralec
816,mcharlemn,PGzw1LaqMS,igralec
817,awinbornmo,reDAAFX72ik,igralec
818,ugethynmp,cb0IuRds4X,igralec
819,ffairbeardmq,SseGMU8,igralec
820,bmcdougallmr,CbuJ6FPnqSrJ,igralec
821,khowcroftms,AHJV0EG0J,igralec
822,tchamneymt,Jm7msb3eOEf,igralec
823,mwitchmu,nMS1pshvA,igralec
824,jcreiganmv,GTixxI,igralec
825,aantonuccimw,KHM3e3yJT8j,igralec
826,tellmx,rm2Wb89p,igralec
827,espadazzimy,j5tMi6m,igralec
828,cripleymz,jSoz9EE6M,igralec
829,rgrassettn0,SeGC9R25Whn5,igralec
830,ejimesn1,DW3EKka,igralec
831,lmacadien2,wJxh3D,igralec
832,tmaragesn3,dor5Ioa,igralec
833,groustn4,11MP317DT3dt,igralec
834,darmitagen5,n2K7DyuvOLPt,igralec
835,ecrossann6,FVYakWtU90KM,igralec
836,npiquardn7,IwMFFKw5G,igralec
837,qmacevillyn8,DPhDddrKT5c,igralec
838,emcgurnn9,K7dsXABlYiCL,igralec
839,cpittfordna,A6lVIOEk,igralec
840,lniccolsnb,lKauGSd,igralec
841,apyrkenc,hf84orn7y,igralec
842,hshortennd,6zwSjTo,igralec
843,rcoulene,gyXWLduKOnM,igralec
844,ylowthnf,DzReeGd3PRJI,igralec
845,wschoularng,vhWl2TF,igralec
846,dguinessnh,kvcyvmGv,igralec
847,mgethynni,j20x84e,igralec
848,plethebridgenj,fREeFz,igralec
849,tmctrustynk,STdb3qXe8,igralec
850,acroxallnl,Vfw5LC,igralec
851,gcatherynm,sYi20vzIl6V,igralec
852,lscutchingsnn,0KbAM9rzUt,igralec
853,vfendleyno,EcCgNKcQ,igralec
854,rhalidaynp,QBqljiQq,igralec
855,smardollnq,ZAp1vQd,igralec
856,hhubbartnr,Apfss69,igralec
857,rmactrustyns,bmxHC0,igralec
858,erembaudnt,32fGkZlYk2S,igralec
859,dlippardnu,gYDm7mKy,igralec
860,ngullandnv,MTGtCQlr8od,igralec
861,nwixonnw,yq1SdVLzBSa4,igralec
862,sbladernx,8N6TnFC,igralec
863,dlockleyny,NiwzyjE,igralec
864,ckullmannnz,WvoTHLH,igralec
865,mswyersexeyo0,05AQHom,igralec
866,cworsnopo1,tpm42RpljCRJ,igralec
867,hdecayetteo2,mz5ZUN4CLu,igralec
868,maronsono3,0l0WP9LEw,igralec
869,aleighfieldo4,yCKZoHkdp,igralec
870,ggarrityo5,KtTv3sBm5Ct3,igralec
871,mmeinso6,cKztuvWY50C,igralec
872,acholertono7,mle8ycW5t,igralec
873,ltunbridgeo8,j5j5kQ,igralec
874,hmcclymondo9,0QHQZXc6oM,igralec
875,abaretteoa,tYkOKd,igralec
876,acarusob,NOwRGnza,igralec
877,carkowoc,ghdPySusls,igralec
878,mithellod,8vO3GJC,igralec
879,ccoughanoe,BBmoCyL5q7Z,igralec
880,wleavoldof,vlZhxF5,igralec
881,smccrohonog,noRRwWgesTb,igralec
882,osainteroh,SHEblF,igralec
883,kswyeroi,HWeAmE,igralec
884,gstarkingsoj,2ub3fZOIlGG,igralec
885,amatiebeok,t23fpRdUpWv,igralec
886,jsmurthwaiteol,cYHSD9,igralec
887,gfugglesom,xD9mMIK2J,igralec
888,ihubboldon,CL43NHUK0qv,igralec
889,vnicholsonoo,JI2lUZ1e,igralec
890,rmorgansop,xdromLSo,igralec
891,lsindalloq,43Ifj9cO,igralec
892,gbaudreyor,hBCIJoEcau,igralec
893,gantonellinios,R4oCr4xB,igralec
894,swrathmellot,PjUOH77,igralec
895,bmacmeekingou,Afm7YH,igralec
896,ekieransov,ZcVLXSj5v,igralec
897,kdaversow,AEI58evmm,igralec
898,hpischoffox,Nmb5Xpkcnw,igralec
899,swoodlandsoy,dFsvUB,igralec
900,gfenneyoz,XM3oJ0wbGuIp,igralec
901,edeerrp0,sWcVSd,igralec
902,thawtreyp1,ONbSPoUYC1dm,igralec
903,dlowdenp2,OtPbXXAmY8Y,igralec
904,gfallanchep3,pjae7RD,igralec
905,cagostinip4,yBOv80lzE6,igralec
906,cbouldstridgep5,fWEWsX,igralec
907,ccavaneyp6,zdbkfn,igralec
908,atunnochp7,Nn9OJDyPZS,igralec
909,hmynettp8,yeW23obF3,igralec
910,gcollecottp9,jWKnLWmI,igralec
911,bervinpa,p6a89pvg2TKt,igralec
912,rillyespb,k5ame9AmOL,igralec
913,msellanpc,79DbS6TY,igralec
914,gbouldingpd,zquyvKf,igralec
915,ceverettpe,mJBnxF,igralec
916,tduplockpf,DkikCvVK,igralec
917,jthrelkeldpg,rPJKyIsx,igralec
918,kmenicoph,ZEyo9OyL,igralec
919,efredipi,QGWVk30rh1,igralec
920,achesterpj,KSuBEk3B4U,igralec
921,crenehanpk,iEF8Jp,igralec
922,vfrizzellpl,8SV0wZZuq9,igralec
923,koloughnanpm,pcIcl4,igralec
924,rhouldinpn,cAnUcDwPBwE,igralec
925,dharringtonpo,cDbw8zgOe,igralec
926,slamortpp,k9iKtl1Zf,igralec
927,pthaxtonpq,2ze5Jp,igralec
928,galldridgepr,fdw2x5jPia9K,igralec
929,wfranzkeps,hv9m1g5a,igralec
930,gfript,D69oedx,igralec
931,goxtonpu,CxcbQrfi,igralec
932,naggaspv,JKUS5S3qsWU,igralec
933,tdemariapw,fbF8TcALkOE,igralec
934,malekseicikpx,N3YPECnJ,igralec
935,tkislingburypy,M4SToyR,igralec
936,orauprichpz,7uOzhRVg,igralec
937,mcuncliffeq0,TK24jiB,igralec
938,hspeareq1,cEr6N6n0aGb,igralec
939,ghayenq2,U3XswTuA,igralec
940,hcampaigneq3,uveulqSjK,igralec
941,mgouninq4,i7MnpNwRj,igralec
942,tendeq5,gQMyZ67,igralec
943,pcramq6,iDaxZa,igralec
944,rfleischerq7,bNtCCM,igralec
945,awhalebellyq8,AoPPFb,igralec
946,bkiddyq9,hPrWG5TUBNN,igralec
947,dknewstubqa,H4uG29ilX,igralec
948,ekillingbeckqb,FYdZ07,igralec
949,emacranaldqc,Abpmv1p6U,igralec
950,eblenkironqd,A4X6W2,igralec
951,ckelseyqe,Zk9IMGUWA2b,igralec
952,dpodburyqf,GNM7kn3T6UPL,igralec
953,wedelqg,u9Km9SvCdY,igralec
954,sroskellqh,2h0a0huq,igralec
955,lgoffordqi,0sBl4oOinfey,igralec
956,wtompkinqj,J7cO5WjTww,igralec
957,abalshenqk,ejSfzxda3V2P,igralec
958,odwyerql,bwWaZl,igralec
959,bvasserqm,Ywv1Ep,igralec
960,kbaldazziqn,7gVSV39,igralec
961,lpollettqo,Wcxf3Xy,igralec
962,cpitcaithleyqp,fB1X2qcDBU,igralec
963,detteryqq,W6JKaw43aUPT,igralec
964,afreedqr,kCqUXRjKx,igralec
965,wgalleqs,4VMuodx8,igralec
966,ecrossfieldqt,8Cos77FrI6U,igralec
967,wlakendenqu,9mLeasqeNstv,igralec
968,dbaynesqv,CnAWG68rlXa,igralec
969,rwilsdonqw,FC32GLclQxlW,igralec
970,mrobbenqx,qNehHA4HVI,igralec
971,jzuanqy,VzHrLJ,igralec
972,htrustyqz,spTliq,igralec
973,dsapsfordr0,lTkcqLVcB,igralec
974,wsapsfordr1,c9ROqE7kavvI,igralec
975,jvaseninr2,4577NEyho,igralec
976,rtickler3,hdJ5qpy,igralec
977,abenezer4,UYv1iNL,igralec
978,tadamiecr5,OyiOiM,igralec
979,sgathwaiter6,3GgDlP6HIZ,igralec
980,ewernyr7,mbZARCvslOp,igralec
981,kmillingtonr8,l6yIAG,igralec
982,kstoakr9,VXNDQTn,igralec
983,rhunnawillra,w5xPr3de,igralec
984,dbaldersonrb,SmZtrQ,igralec
985,etewnionrc,i3UdSU,igralec
986,fdockeryrd,UjyGUDlIzMNc,igralec
987,yacostare,97DVWeG,igralec
988,gwiggamrf,YQ80whm,igralec
989,flapslierg,QoxmABhWHP3,igralec
990,tdunkerlyrh,jYK9BN,igralec
991,hshortonri,AWvjgOlEbRq,igralec
992,mbucknallrj,FG6zLlKoq,igralec
993,rriponrk,sjI4TiV,igralec
994,omatisrl,RLdxF2P,igralec
995,marlowrm,uu3DVbG,igralec
996,gshearmanrn,a0MFipuE,igralec
997,jbaldreero,epSUPx9r4,igralec
998,mmcleserp,98B8dyK1,igralec
999,lsmalemanrq,ZPJ3W2rJC9A,igralec
1000,rjahnkerr,5tryGWgmBNBd,igralec
